-BEGIN HEADER-,,,,,,,
NASA/POWER CERES/MERRA2 Native Resolution Daily Data ,,,,,,,
Dates (month/day/year): 12/31/2009 through 12/30/2015 ,,,,,,,
Location: Latitude  39.81   Longitude -74.09 ,,,,,,,
Elevation from MERRA-2: Average for 0.5 x 0.625 degree lat/lon region = 25.66 meters,,,,,,,
The value for missing source data that cannot be computed or is outside of the sources availability range: -999 ,,,,,,,
Parameter(s): ,,,,,,,
ALLSKY_SFC_PAR_TOT     CERES SYN1deg All Sky Surface PAR Total (W/m^2) ,,,,,,,
T2M                    MERRA-2 Temperature at 2 Meters (C) ,,,,,,,
PRECTOTCORR            MERRA-2 Precipitation Corrected (mm/day) ,,,,,,,
GWETROOT               MERRA-2 Root Zone Soil Wetness (1) ,,,,,,,
WS2M                   MERRA-2 Wind Speed at 2 Meters (m/s) ,,,,,,,
WD2M                   MERRA-2 Wind Direction at 2 Meters (Degrees) ,,,,,,,
-END HEADER-,,,,,,,
YEAR,DOY,ALLSKY_SFC_PAR_TOT,T2M,PRECTOTCORR,GWETROOT,WS2M,WD2M
2009,365,16.03,-0.58,6.93,0.71,1.27,162.06
2010,1,24.1,1.33,0.62,0.72,2.12,312.38
2010,2,38.58,-3.35,0.02,0.71,6.09,309.31
2010,3,34.33,-6.7,0.01,0.71,6.86,299.31
2010,4,39.33,-4.54,0,0.71,4.23,304.12
2010,5,43.8,-4.32,0,0.71,3.63,304.31
2010,6,25.38,-2.37,0,0.71,4.11,307.31
2010,7,48,-1.11,0.03,0.7,3.06,290.75
2010,8,30.27,-1.46,0.95,0.7,3.81,282.56
2010,9,47.05,-5.12,0,0.7,3.66,331.94
2010,10,50.28,-6.79,0,0.7,3.05,327.56
2010,11,42.95,-4.85,0,0.7,2.66,279.44
2010,12,39.09,-2.87,0,0.7,3.35,311.5
2010,13,40.29,-2.77,0,0.7,2.72,290.94
2010,14,49.98,-0.67,0,0.7,1.73,273.12
2010,15,39.49,1.61,0,0.7,2.55,263.81
2010,16,45.96,2.12,0,0.7,2.36,281.06
2010,17,6.7,3.16,23.04,0.71,3.36,106
2010,18,43.74,3.95,0.87,0.73,3.55,307
2010,19,36.98,2.93,0,0.73,1.83,244.25
2010,20,48.94,0.51,0,0.72,2.54,327.69
2010,21,50.51,0.37,0,0.72,2.1,69.62
2010,22,33.7,1.38,0,0.71,3.31,38.38
2010,23,55.1,0.07,0,0.71,2.34,67.06
2010,24,18.05,4.64,0.72,0.71,2.81,159.19
2010,25,14.71,9.62,27.82,0.73,5.7,197.62
2010,26,42.87,2.62,4.29,0.75,3.61,266.38
2010,27,52.86,-0.07,0,0.74,3.12,275.69
2010,28,42.48,0.85,0.27,0.73,4.15,258.06
2010,29,42.02,-5.67,0,0.73,4.82,311.62
2010,30,11.38,-6.96,0.81,0.73,3.27,138.69
2010,31,58.67,-5.21,0.11,0.73,3.39,268.5
2010,32,58.47,-2.5,0,0.73,3.27,275.69
2010,33,33.85,-1.45,0.62,0.73,1.8,136.94
2010,34,50.48,0.51,2.21,0.73,2.34,222.5
2010,35,65.88,-0.33,0,0.73,3.01,314.19
2010,36,29.95,-0.09,6,0.73,1.4,175.31
2010,37,12.79,-3.14,18.67,0.73,6.65,78.94
2010,38,63.21,-6.88,0,0.73,3.65,325.62
2010,39,58.55,-5.67,0,0.73,3.78,293.12
2010,40,53.36,-3.08,7.96,0.73,1.95,258.44
2010,41,15.46,0.23,31.93,0.73,5.89,158.88
2010,42,68.12,-2.13,0.04,0.74,5.09,308.56
2010,43,67.31,-5.95,0,0.73,2.88,302.81
2010,44,34.16,-4.2,0,0.73,3.69,290.75
2010,45,65.03,-3.47,0,0.73,4.73,272.56
2010,46,64.97,-2.68,2.64,0.74,2.66,221.62
2010,47,29.51,-0.85,3.09,0.74,3.98,295.31
2010,48,55.88,-2.89,0,0.74,4.09,274.81
2010,49,51.23,-0.85,0,0.75,4.16,280.69
2010,50,71.36,0.04,0,0.77,4.59,282.25
2010,51,74.78,0.54,0,0.77,3.51,290.38
2010,52,78.73,1.01,0,0.77,3.59,295.25
2010,53,45.91,0.86,4.84,0.76,2.3,132.56
2010,54,16.48,3.02,30.64,0.78,4.72,61.69
2010,55,39.2,2.96,8.32,0.8,2.77,244.75
2010,56,23.79,0.51,19.51,0.8,4.41,259.06
2010,57,38.55,-1.59,7.1,0.8,6.36,270.44
2010,58,51.73,-1.03,0.08,0.8,3.15,254.62
2010,59,45.23,0.77,0.06,0.8,2.27,284.62
2010,60,73.84,2.16,0,0.8,4.7,307.31
2010,61,47.02,2.55,0.52,0.8,1.88,163.25
2010,62,30.71,2.54,1.57,0.8,5.16,123.12
2010,63,68.73,2.69,0.01,0.8,3.39,330.25
2010,64,55.4,2.16,0,0.8,3.25,319.62
2010,65,81.3,2.61,0,0.8,2.9,336.94
2010,66,90.98,4.41,0,0.79,2.7,295.31
2010,67,90.46,5.44,0,0.79,2.66,296.81
2010,68,91.09,6.56,0,0.79,2.16,285.06
2010,69,50.98,6.54,0,0.78,1.38,164.31
2010,70,66.48,8.12,0.01,0.78,1.86,117.31
2010,71,24.52,6.34,18.18,0.79,5.06,69.81
2010,72,18.05,8.19,64.78,0.84,7.82,84.12
2010,73,32.81,7.55,17.17,0.87,2.74,80.31
2010,74,24.45,5.31,9.42,0.87,5.17,98.19
2010,75,99.24,7.83,0.21,0.86,3.42,44.75
2010,76,102.7,8.21,0,0.85,1.52,210.56
2010,77,101.92,9.29,0,0.84,1.87,250.81
2010,78,101.13,10.27,0,0.84,1.64,195.75
2010,79,103.58,11.15,0,0.84,2.27,226.62
2010,80,96.28,10.56,0,0.83,2.51,179.25
2010,81,32.54,10.98,24.2,0.83,3.36,152.06
2010,82,37.19,9.57,3.94,0.85,3.15,229.94
2010,83,108.68,8.47,0.02,0.84,3.95,303.19
2010,84,67.59,9.88,0.55,0.84,3.48,209.62
2010,85,43.8,5.62,4.57,0.84,4.72,75
2010,86,107.94,0.84,0,0.83,3.07,74.88
2010,87,78.32,5.9,11.6,0.83,4.05,149.25
2010,88,13.27,10.51,45.91,0.87,3.2,146.69
2010,89,37.03,5.93,30.15,0.89,5.91,226.88
2010,90,87.11,9.09,0.82,0.89,3.3,306.81
2010,91,119.02,10.64,0,0.88,1.45,91.5
2010,92,118.77,10.83,0,0.88,1.64,167.38
2010,93,91.95,9.46,0,0.87,2.34,176.69
2010,94,107.68,13.51,0,0.87,1.48,225.69
2010,95,111.62,13.35,0,0.86,2.47,192.81
2010,96,103.36,17.12,0.06,0.85,2.12,222.62
2010,97,111.18,19.54,0.04,0.84,3.19,232.88
2010,98,113.3,17.78,0.04,0.84,4.21,206.19
2010,99,47.02,11.56,9.06,0.84,3.46,285.06
2010,100,124.98,7.97,0,0.83,3.52,276.75
2010,101,121.69,12.8,0.02,0.82,2.49,244
2010,102,114.87,12.38,0.03,0.81,1.81,154.06
2010,103,32.94,8.98,1,0.81,1.13,104.19
2010,104,123.8,10.41,0,0.8,1.73,283.75
2010,105,118.38,12.83,0,0.8,2.19,250.06
2010,106,103.27,11.74,2.98,0.8,2.37,132.19
2010,107,83.48,10.7,0.91,0.8,3.02,297.31
2010,108,108.16,7.89,0,0.79,2.95,301.12
2010,109,118.4,10.02,0,0.78,2.59,242.38
2010,110,115.51,11.74,0,0.77,1.6,272.06
2010,111,68.59,11.96,4.58,0.77,1.88,219.56
2010,112,111.4,13.26,0.92,0.77,1.49,275.75
2010,113,136.03,11.1,0,0.77,2.62,331.44
2010,114,117.05,10.94,1.49,0.76,2.03,175.62
2010,115,31.45,11,17.46,0.77,2.76,98.19
2010,116,59.73,10.59,20.04,0.79,2.55,71.81
2010,117,87.68,10.08,0.76,0.79,3.08,272.62
2010,118,97.29,7.58,0,0.78,4.23,293.69
2010,119,137.45,10.6,0,0.77,3.72,282.69
2010,120,130.73,14.91,0,0.77,2.05,249.38
2010,121,119.08,19.06,0,0.76,1.95,225.56
2010,122,94.57,21.14,4.19,0.75,2.98,213.19
2010,123,75.52,20.99,7.48,0.76,3.48,233.69
2010,124,113.93,18.83,0.02,0.75,2.09,296
2010,125,133.6,16.87,0.37,0.74,1.98,222.88
2010,126,128.87,18.22,0,0.73,3.73,258.69
2010,127,125.82,14.4,0,0.73,2.26,264.62
2010,128,120.08,16.58,0.14,0.72,5.34,248.5
2010,129,127.2,8.99,0,0.71,4.79,300.31
2010,130,142.41,8.79,0,0.71,3.3,316.12
2010,131,81.05,9.23,4.33,0.7,1.95,121.75
2010,132,54.29,10.43,8.13,0.72,2.98,73.81
2010,133,137.8,12.1,0,0.71,2.15,152.5
2010,134,119.52,17.87,6.41,0.7,3.25,224.19
2010,135,133.52,17.25,0.98,0.71,2.52,309.38
2010,136,121.79,16.08,0,0.7,1.6,223.25
2010,137,59.82,14.8,0.64,0.7,1.1,133.44
2010,138,32.28,11.53,32.37,0.72,4.5,81.12
2010,139,79.8,13.91,0.58,0.73,2.17,300.69
2010,140,144.65,17.46,0,0.72,1.22,226.69
2010,141,125.84,19.04,0,0.7,1.41,151.31
2010,142,89.09,16.46,0.36,0.7,2.34,135.81
2010,143,60.52,17.3,1.27,0.7,2.84,90.94
2010,144,71.58,17.97,0.67,0.7,2.09,98.31
2010,145,142.88,18.97,0.07,0.69,1.45,115.38
2010,146,140.56,22.45,0.01,0.68,1.42,280.38
2010,147,107.89,18.77,3.14,0.68,2.55,88.31
2010,148,114.66,15.91,3.19,0.68,1.7,174.5
2010,149,92.26,18.48,1.85,0.68,2.22,199.88
2010,150,150.17,21.81,0.15,0.67,1.75,284.94
2010,151,145.97,21.85,3.73,0.66,2.3,205.56
2010,152,120.99,22.26,5.54,0.66,3.27,221.94
2010,153,133.92,22.65,0.17,0.66,1.58,168.75
2010,154,129.34,23.19,0.09,0.66,2.48,222.81
2010,155,133.14,23.85,0,0.65,1.88,231.38
2010,156,117.68,24.58,0.02,0.64,2.58,235.56
2010,157,100.42,23.52,0.15,0.63,3.55,246.19
2010,158,136.73,17.62,0,0.62,2.17,319.19
2010,159,145.46,17.48,0,0.62,2.1,251.38
2010,160,42.8,17.26,14.42,0.62,3.15,155.25
2010,161,115.73,19.9,0.82,0.63,1.67,234.06
2010,162,132.87,18.99,0.01,0.62,1.83,80.19
2010,163,122.1,20.28,0,0.62,2.94,194.44
2010,164,114.62,23.14,5.17,0.62,1.41,155.75
2010,165,93.88,22.45,1.89,0.62,1.21,184.38
2010,166,129.14,20.09,0,0.6,2.19,119.81
2010,167,85.93,20.46,1.56,0.6,2.47,170.12
2010,168,147.08,21.65,0.06,0.59,2.88,301.12
2010,169,155.74,20.33,0,0.59,1.6,204.31
2010,170,143.45,21.33,0,0.58,2.33,192.62
2010,171,126.02,24.83,0.09,0.57,2.02,238.12
2010,172,143.23,24.77,0,0.56,1.4,292.88
2010,173,118.46,23.69,1.78,0.55,1.61,152
2010,174,129.84,26.02,0.02,0.55,2.07,255.38
2010,175,122.1,26.23,4.11,0.55,2.66,241.88
2010,176,148.44,23.82,0,0.54,1.8,202.62
2010,177,131.97,24.24,0,0.53,2.13,230.81
2010,178,132.12,26.27,0,0.52,2.16,215.69
2010,179,123.82,27.16,2.69,0.52,2.82,223.94
2010,180,105.2,25.67,0.42,0.51,2.12,274.56
2010,181,130.63,20.56,0.02,0.5,2.19,194.25
2010,182,152.17,20,0,0.49,2.26,245.44
2010,183,150.13,20.21,0,0.48,1.74,163
2010,184,153.79,21.92,0,0.48,2.26,245.38
2010,185,156.17,24.26,0,0.47,2.63,248.25
2010,186,143.77,25.8,0,0.46,1.88,253.62
2010,187,134.23,28.06,0,0.45,1.45,210.81
2010,188,122.49,27.75,0.01,0.45,1.87,110.31
2010,189,112.51,25.57,0.27,0.45,1.53,126.44
2010,190,135.55,25.16,1.73,0.45,2.05,149.56
2010,191,46.49,24.05,5.68,0.45,1.74,139.44
2010,192,135.49,25.41,0.42,0.45,2.1,176.19
2010,193,104.42,24.87,0.7,0.45,2.22,211.56
2010,194,84.14,25.13,25.11,0.47,2.8,166.56
2010,195,92.52,24.6,19.63,0.5,1.38,128.94
2010,196,113.73,25.12,0.81,0.51,1.77,121.19
2010,197,134.19,26.48,0.98,0.49,2.59,210.19
2010,198,130.7,26.33,0.17,0.48,1.97,259.62
2010,199,139.34,26.69,0.03,0.47,2.27,249.81
2010,200,125.61,25.87,4.91,0.46,2.33,219.25
2010,201,118.27,26.62,0.51,0.46,1.61,266.12
2010,202,114.87,27.28,2.42,0.45,2.05,237.81
2010,203,140.48,26.23,0,0.45,2.35,289.88
2010,204,124.75,27.02,1.32,0.44,2.27,207
2010,205,137.94,29.23,0.27,0.43,2.58,245.69
2010,206,112.82,27.96,8.71,0.43,2.31,270.62
2010,207,149.88,24.21,0,0.43,2.03,319.94
2010,208,134.94,24.54,0,0.42,1.66,266.44
2010,209,112.34,25.43,0.26,0.42,3.4,211.38
2010,210,79.68,25.35,8.22,0.42,2.3,256.88
2010,211,136.84,23.05,0,0.43,1.89,117.94
2010,212,127.12,23.03,0,0.42,1.48,131.75
2010,213,79.05,22.21,1.88,0.42,1.28,169.19
2010,214,126.05,23.35,0.28,0.41,1.72,149.69
2010,215,122.1,24.11,0.2,0.41,3.01,201
2010,216,98.13,26.3,0.21,0.41,3.05,200.5
2010,217,115.72,27.72,0.03,0.41,2.8,238.88
2010,218,114.86,26.44,0,0.4,2.27,274.25
2010,219,121.56,23.87,0,0.39,1.8,140.81
2010,220,121.27,24.73,0,0.39,2.03,185.31
2010,221,119.71,26.05,0,0.38,2.26,212.81
2010,222,110.08,27.6,0.33,0.38,1.36,208.12
2010,223,113.08,27.46,0.07,0.38,1.59,117.5
2010,224,65.96,24.69,0.97,0.38,3.18,97.31
2010,225,98.16,23.15,0.13,0.38,3.2,85.44
2010,226,128.96,22.44,0,0.38,2.26,112.06
2010,227,66.67,23.55,1,0.38,2.61,171.81
2010,228,116.15,26.14,1.38,0.38,3.09,197.81
2010,229,106.15,27.24,5.94,0.38,1.67,230.88
2010,230,32.6,22.57,8.73,0.39,1.48,111.88
2010,231,116.38,25.11,0.75,0.39,1.44,122.5
2010,232,116.67,26.07,0,0.38,1.22,276.69
2010,233,95.88,24.85,0.03,0.38,1.95,112.44
2010,234,52.12,24.86,15.75,0.39,3.07,179.56
2010,235,89,21.69,4.03,0.41,2.98,147.75
2010,236,49.22,20.03,5.07,0.41,4.02,26.56
2010,237,63.41,21.54,1.88,0.41,1.94,274.38
2010,238,115.15,23.08,0.01,0.4,1.98,273.88
2010,239,127.16,21.07,0,0.39,1.58,285.88
2010,240,126.87,21.69,0.02,0.38,1.67,215.88
2010,241,127.46,24.88,0.02,0.38,1.7,282.06
2010,242,122.56,25.85,0,0.38,1.41,303.25
2010,243,115.55,27.55,0,0.37,1.3,312.94
2010,244,106.55,27.4,0,0.36,1.91,249.81
2010,245,110.4,26.37,0,0.36,2.69,204.81
2010,246,45.18,25.49,0.92,0.36,2.78,126.94
2010,247,119.14,23.2,0,0.36,3.88,271.31
2010,248,118.84,19.78,0,0.36,2.42,272.94
2010,249,112.28,20.84,0,0.35,1.95,167.06
2010,250,113.17,24.02,0,0.35,3.53,207.38
2010,251,110.2,25.25,0,0.35,3.88,259.69
2010,252,94.53,19.61,0,0.34,3.42,302.75
2010,253,78.62,19.32,0,0.34,2.59,326.31
2010,254,114.98,19.94,0,0.34,1.77,208.69
2010,255,27.78,18.66,5.93,0.35,1.72,117.56
2010,256,102.64,19.87,3.84,0.36,1.52,201.62
2010,257,106.03,20.51,0,0.36,2.02,287.88
2010,258,109.91,18.5,0.01,0.36,2.32,267.31
2010,259,74.1,20.51,19.32,0.36,3.42,153.19
2010,260,90.05,20.9,2.23,0.39,2.81,201.06
2010,261,95.49,18.28,0,0.38,1.55,86.5
2010,262,103.49,20.65,0,0.38,0.93,216.38
2010,263,107.74,18.97,0,0.38,2.99,206.12
2010,264,105.54,17.91,0,0.37,2.27,135.56
2010,265,101.44,23.09,4.9,0.37,3.28,218.19
2010,266,91.87,22.31,0.75,0.38,1.7,118.31
2010,267,83.03,24.22,0,0.37,2.73,200.62
2010,268,94.21,24.8,0,0.37,3.02,228.25
2010,269,46.27,20.6,3.84,0.36,3.46,50.5
2010,270,47.59,21.33,16.86,0.38,3.54,128.88
2010,271,38.2,22.54,2.06,0.4,4.25,182.44
2010,272,62.12,20.62,0.22,0.39,1.24,219.06
2010,273,37.68,22.95,35.2,0.43,4.87,153.06
2010,274,30.75,18.93,42.68,0.51,4.52,281.06
2010,275,96.71,14.55,0,0.5,1.77,244.81
2010,276,36.45,14,2.78,0.48,4.58,43.62
2010,277,13.93,13.84,22.94,0.48,5.02,32.06
2010,278,25.84,13.3,7.93,0.51,2.91,234.56
2010,279,71.96,13.02,0.49,0.49,2.65,238.25
2010,280,88.9,14.79,0.03,0.48,3.55,276.69
2010,281,93.11,15.22,0,0.47,2.8,279.19
2010,282,86.4,15.66,0,0.46,2.2,324.5
2010,283,86.12,14.06,0,0.46,2.07,171.5
2010,284,76.48,17.82,5,0.45,1.79,255.06
2010,285,69.34,17.29,2.98,0.46,1.85,246.19
2010,286,84.62,12.76,0,0.46,1.91,61.75
2010,287,22.83,12.52,13.44,0.46,2.2,172.5
2010,288,73.12,11.22,0.14,0.48,5.45,283.75
2010,289,79.51,11.86,0.08,0.47,4.62,313.56
2010,290,76.41,12.84,0,0.46,2.83,287
2010,291,72.48,11.69,0.05,0.46,2.06,315.31
2010,292,32.44,11.14,9.7,0.47,1.34,219.25
2010,293,25.95,10.16,0.59,0.48,1.16,239.69
2010,294,65.21,11.57,0.49,0.47,3.36,262
2010,295,74.15,8.44,0,0.47,3.39,294.5
2010,296,72.36,11.08,0,0.46,2.81,253.69
2010,297,66.23,14.98,0,0.46,1.64,204.25
2010,298,54.51,17.05,0.03,0.46,3.8,202
2010,299,30.32,18.97,0.65,0.45,3.1,200
2010,300,28.79,20.14,12.3,0.46,3.56,210.94
2010,301,62.82,18.01,2.65,0.48,2.58,262.31
2010,302,44.51,10.15,0,0.47,3.57,316.75
2010,303,61.66,9.01,0,0.47,3.46,252.31
2010,304,62.36,9.83,0.01,0.46,3.73,302.25
2010,305,70.23,5.23,0,0.46,2.64,308.19
2010,306,67.03,6,0,0.46,1.81,79.25
2010,307,62.73,7.65,0.47,0.46,1.45,200.12
2010,308,17.02,9.89,25.01,0.48,2.73,160.94
2010,309,33.73,8.34,1.84,0.5,2.88,279.5
2010,310,44.88,6.55,0,0.49,2.69,222.19
2010,311,62.16,5.05,0,0.48,3.61,322.81
2010,312,34.76,4.73,1.01,0.48,4.76,313.5
2010,313,63.64,7.9,0,0.48,3.81,342.81
2010,314,30.07,9.33,0,0.48,3.47,129.75
2010,315,52.46,6.9,0,0.48,3.16,31.06
2010,316,61.73,7.65,0,0.48,2.73,30.94
2010,317,61.04,9.72,0,0.47,1.72,71.81
2010,318,55.09,8.42,0,0.47,1.64,124.19
2010,319,37.02,10.84,0.22,0.47,0.95,136.25
2010,320,19.38,11.66,6.78,0.48,2.8,131.94
2010,321,51.11,13.12,7.5,0.49,5.88,244.25
2010,322,41.05,8.42,0.03,0.49,2.7,279.94
2010,323,48.01,5.4,0.01,0.48,2.58,298.94
2010,324,50.9,7.63,0,0.48,3.39,252.31
2010,325,48.48,6.31,0,0.48,2.12,72.56
2010,326,49.55,11.19,0,0.48,2.63,189.94
2010,327,26.83,12.5,0,0.48,3.24,237.69
2010,328,53.55,6.12,0,0.48,3.6,325.12
2010,329,14.93,5.07,2.67,0.48,1.64,161.06
2010,330,13.29,9.14,0.72,0.48,3.87,258.06
2010,331,43.99,2.34,0,0.48,4.14,281.69
2010,332,49.71,2.59,0,0.48,1.78,307.12
2010,333,50.51,3.84,0,0.48,1.33,188.56
2010,334,18.92,10.95,2.24,0.48,3.66,140.88
2010,335,11.17,10.53,25.72,0.5,5.72,202.38
2010,336,46.27,2.13,0,0.52,3.03,297.5
2010,337,39.42,1.48,0,0.51,2.45,322.5
2010,338,35.45,0.65,0,0.5,3.48,306.69
2010,339,40.57,-0.1,0,0.5,4.01,304.94
2010,340,30.91,-0.02,0,0.5,5.38,273.88
2010,341,38.99,0,0,0.49,4.83,280.56
2010,342,42.12,-1.11,0,0.49,3.95,286.38
2010,343,43.02,-2.57,0,0.49,3.16,283.19
2010,344,20.69,-1.16,0.01,0.49,1.53,134.81
2010,345,31.17,1.69,0.4,0.49,1.27,189.75
2010,346,17.06,8.7,24.13,0.52,4.21,169.25
2010,347,25.41,1.51,2,0.54,4.24,276.5
2010,348,29.76,-4.92,0,0.52,5.35,299.12
2010,349,29.55,-3.7,0,0.52,4.77,293.06
2010,350,20.72,-4.25,0.39,0.52,2.83,266.06
2010,351,39.38,-2.9,0,0.52,2.66,300.69
2010,352,34.89,-1.8,0,0.52,1.7,297.25
2010,353,24.75,-1.2,0,0.52,2.51,126.81
2010,354,40.51,-1.49,0,0.52,4.52,330.62
2010,355,46.05,-0.7,0,0.51,4.48,323.56
2010,356,37.66,-0.67,0,0.51,3.48,321.75
2010,357,41.44,-0.67,0,0.51,5.49,322.56
2010,358,46.39,-0.4,0,0.51,3.42,332.62
2010,359,17.91,-1.48,0.04,0.51,1.47,326.06
2010,360,7.96,-2.6,11.58,0.51,5.34,126.94
2010,361,36.33,-4.81,1.79,0.51,7.27,314.5
2010,362,42.84,-1.86,0,0.51,4.55,287.44
2010,363,39.13,-1.69,0,0.51,2.45,305.06
2010,364,35.23,-0.95,0,0.52,1.53,171.06
2010,365,35.45,1.32,0,0.52,2.32,230.19
2011,1,33.69,3.22,0.02,0.52,2.45,214.12
2011,2,10.98,4.59,2.44,0.52,2.47,277.5
2011,3,48.86,-1.35,0,0.52,3.18,302.31
2011,4,44.85,0.11,0.15,0.52,3.13,239.75
2011,5,41.43,-0.03,0.05,0.52,2.85,294.31
2011,6,40.49,-1.47,0.01,0.52,1.34,231
2011,7,22.87,-1.14,1.04,0.52,2.28,226.62
2011,8,9.89,-3.6,1.48,0.52,2.38,197.38
2011,9,42.52,-3.02,0.21,0.52,5.46,299.5
2011,10,33.55,-3.45,0.07,0.52,3.29,304.31
2011,11,24.8,-2.5,6.74,0.52,2.12,84.5
2011,12,32.83,-2.87,2.83,0.52,5.47,291.88
2011,13,45.24,-5.2,0,0.52,4.1,315.06
2011,14,47.17,-5.7,0.02,0.52,2.65,306.12
2011,15,40.8,-1.56,0.09,0.52,2.98,235.31
2011,16,37.61,-1.81,0.04,0.52,2.91,308.25
2011,17,15.31,-3.97,1.24,0.52,2.55,70.75
2011,18,15.66,2.46,24.29,0.55,3.23,161.75
2011,19,35.09,1.24,1.32,0.56,2.66,286.69
2011,20,47.85,-0.74,0.23,0.55,2.05,271.12
2011,21,46.58,-2.58,5.85,0.55,5.11,267.69
2011,22,34.02,-8.61,0,0.55,2.6,321.81
2011,23,43.62,-8.13,1.06,0.55,3.98,315.75
2011,24,54.77,-8.99,0,0.54,1.84,228.31
2011,25,27.02,-1.44,0.06,0.55,1.88,200.88
2011,26,12.21,0.18,31.57,0.55,4.94,75.06
2011,27,43.93,-1.09,1.39,0.56,3.79,291.12
2011,28,28.05,-1.37,0.73,0.56,1.35,217.38
2011,29,38.05,-2.4,0.49,0.56,2.13,266.31
2011,30,47.65,-3.11,0.02,0.56,2.15,306.88
2011,31,44.79,-5.19,0.44,0.56,2.55,136.19
2011,32,18.9,0.05,2.31,0.57,2.36,111.06
2011,33,41.54,1.75,17.65,0.59,3.91,202.56
2011,34,61.28,-3.64,0,0.6,3.7,304.38
2011,35,38.49,-4.2,0,0.59,2.66,260
2011,36,20.52,1.51,5.12,0.59,2.95,172.44
2011,37,67.56,1.47,0,0.6,3.27,289.81
2011,38,53.3,1.87,1.38,0.6,1.73,203.5
2011,39,45.95,0.23,1.85,0.6,5.48,265.12
2011,40,60.46,-4.02,0,0.59,4.01,263.38
2011,41,68.17,-4.04,0,0.59,3.63,304.62
2011,42,71.8,-3.4,0,0.59,2.48,241.31
2011,43,57,-1.04,0,0.59,4.01,262.19
2011,44,54.57,1.15,0,0.59,3.78,231.44
2011,45,64.79,6,0,0.59,5.49,254.38
2011,46,77.3,-1.2,0,0.58,4.49,333.44
2011,47,73.84,1.59,0,0.58,2.74,193.5
2011,48,65.13,6.33,0,0.58,2.91,222.88
2011,49,47.31,10.58,0.09,0.58,4.13,239.5
2011,50,76.43,3.01,0.03,0.58,6.98,302.38
2011,51,74.65,-0.31,0.15,0.57,3.79,320.06
2011,52,23.69,0.8,1.31,0.57,3.24,62.94
2011,53,68.66,-2.38,0.8,0.57,3.52,111.62
2011,54,79.05,-0.77,0,0.57,2.19,190.06
2011,55,54.53,1.93,0.95,0.57,2.36,215.5
2011,56,32.63,6.3,25.6,0.6,6.17,231.12
2011,57,57.99,1.19,0.02,0.61,1.96,239.62
2011,58,75.42,5.11,0.03,0.6,2.47,229.38
2011,59,36.12,8.8,9.26,0.6,4.72,223.25
2011,60,88.28,2.17,0.23,0.6,3.42,191.25
2011,61,83.93,3.51,0,0.6,4.73,259.88
2011,62,89.25,-2.8,0,0.59,2.89,112.12
2011,63,81.92,1.45,0,0.59,2.3,133.5
2011,64,54.12,7.66,0.01,0.59,4.32,175.88
2011,65,28.08,9.09,36.21,0.6,5.29,166.38
2011,66,93.09,3.95,3.01,0.65,4.82,308.69
2011,67,84.98,1.82,0,0.63,2.52,52.94
2011,68,61.08,3.18,0.16,0.62,4.11,87.5
2011,69,23.14,8.53,19.2,0.63,5.94,124.75
2011,70,70.99,8.3,17.7,0.67,3.07,234.38
2011,71,89.55,6.01,0,0.66,3.92,235.44
2011,72,88.77,6.5,0,0.65,3.55,294.44
2011,73,60.18,3.8,0,0.64,2.03,240.5
2011,74,83.45,4.35,0.1,0.64,2.31,102.94
2011,75,70.02,8.3,15.18,0.66,2.33,237.12
2011,76,99.83,8.98,0,0.65,2.45,274.5
2011,77,87.03,12.54,0,0.64,3.24,211.94
2011,78,100.96,7.44,0,0.64,3.62,314.44
2011,79,95.79,3.36,0.03,0.63,2.5,137.06
2011,80,48.06,6.42,9.17,0.64,2.7,164.12
2011,81,84.41,6.91,0.29,0.64,2.92,242
2011,82,19.3,3.12,12.54,0.65,3.24,71.94
2011,83,38.78,2.61,3.18,0.66,3.96,175.75
2011,84,104.16,0.67,0,0.65,2.91,313.56
2011,85,106.83,-0.27,0,0.65,3.14,328.25
2011,86,104.66,1.05,0,0.64,2.93,332.88
2011,87,87.98,0.79,0,0.64,3.57,314.19
2011,88,110.95,2.39,0,0.63,3.19,318.75
2011,89,60.08,3.88,0.35,0.63,1.58,206.44
2011,90,30.34,4.04,5.39,0.63,3.63,62.69
2011,91,46.27,3.95,4.08,0.65,3.83,242.12
2011,92,90.58,5.59,0.01,0.64,3.59,273.69
2011,93,109.34,7.03,0.23,0.63,3.15,280.56
2011,94,98.98,11.4,0.17,0.63,4.27,186.06
2011,95,44.27,9.87,3.66,0.63,5.71,251.56
2011,96,107.16,6.75,0.24,0.62,3.05,233.19
2011,97,76.33,6.21,0.38,0.62,2.26,75.75
2011,98,19.19,5.4,0.44,0.62,2.12,133.06
2011,99,114.84,7.51,0.01,0.62,2.2,97.19
2011,100,69.41,9.36,0.02,0.62,1.96,189.31
2011,101,89.77,15.3,0.07,0.62,4.21,205.81
2011,102,46.38,13.31,10.96,0.62,4.19,135.25
2011,103,67.38,10.72,14.29,0.65,2.52,180.62
2011,104,115.91,12.15,0,0.64,1.98,295.44
2011,105,102.12,8.19,0,0.63,3.7,71.31
2011,106,38.57,9.43,44.37,0.64,6.57,119.31
2011,107,128.74,11.55,2.53,0.69,4.89,250.31
2011,108,78.13,10.94,0,0.67,2.65,238.75
2011,109,56.67,10.19,0.19,0.66,2.27,117.12
2011,110,101.24,14.19,0.14,0.66,2.91,184.69
2011,111,120.44,10.35,0,0.65,3.84,264.12
2011,112,63.7,6.24,1.08,0.64,2.62,83.19
2011,113,42.06,12.79,10.29,0.65,3.91,178.94
2011,114,126.84,18.27,6.36,0.66,2.55,229.25
2011,115,120.5,18.48,4.06,0.66,1.57,178.44
2011,116,114.3,18.4,0.15,0.65,4.27,196.62
2011,117,90.72,17.52,0.31,0.64,4.34,184.25
2011,118,63,17.92,6.65,0.64,4.48,205.62
2011,119,122.39,14.33,0.04,0.64,2.86,276.81
2011,120,113.95,12.69,0,0.63,1.91,264.56
2011,121,102.38,12.93,0,0.62,1.41,120.38
2011,122,76.63,14.34,0,0.62,2.46,179
2011,123,105.51,16.92,0.01,0.62,2.9,173.12
2011,124,32.74,11.85,17.4,0.63,3.12,283.12
2011,125,120.26,11.01,0,0.64,3.32,296.81
2011,126,127.05,13.06,0.01,0.62,2.8,219.19
2011,127,131.05,14.65,0.06,0.62,2.05,286
2011,128,123.27,14.83,0,0.61,1.52,167.06
2011,129,131.41,14.93,0,0.6,2.08,116.69
2011,130,135.41,14.48,0,0.59,2.41,45.5
2011,131,120.25,13.72,0,0.59,2.18,67.12
2011,132,129.82,14.51,0,0.59,1.7,148.5
2011,133,112.52,14.72,0,0.59,1.77,140.62
2011,134,52.89,15.4,7.26,0.59,2.39,161.38
2011,135,90.78,17.26,4.92,0.59,3.03,168.69
2011,136,78.57,17.41,3.06,0.6,1.88,137.31
2011,137,57.17,15.8,14.41,0.61,4.18,93.88
2011,138,53.3,17.32,11.92,0.62,3.77,121.19
2011,139,98.24,17.48,5.93,0.62,1.78,156.81
2011,140,97.44,15.58,5.79,0.62,1.68,229.38
2011,141,132.34,17.69,0.57,0.62,1.12,58.19
2011,142,71.9,15.69,0.98,0.62,2.7,109.94
2011,143,67.02,18.1,2.03,0.61,3.66,173.56
2011,144,113.84,22.02,0.55,0.61,2.59,236.44
2011,145,140.78,20.92,0,0.59,1.52,141.44
2011,146,115.26,20.81,0.05,0.59,2.66,173.94
2011,147,133.34,21.9,0.01,0.58,2.48,191.69
2011,148,133.49,21.73,0.32,0.57,2.56,187.75
2011,149,135.59,22.33,2.73,0.57,2.54,198.81
2011,150,133.59,24.8,2.78,0.57,1.51,261.44
2011,151,140.28,23.46,0,0.56,1.53,67
2011,152,123.46,23.39,1.42,0.55,2.91,212.44
2011,153,147.52,20.27,0,0.55,3.55,309.25
2011,154,146.22,17.16,0,0.54,3.04,327.19
2011,155,91.16,17.27,0,0.53,1.6,310.06
2011,156,83.18,18.76,0,0.53,1.59,132.56
2011,157,132.34,20.32,0,0.53,1.38,145.62
2011,158,127.77,22.51,0,0.52,2.43,242.25
2011,159,141.13,24.83,0,0.52,1.91,249.69
2011,160,129.3,25.42,8.21,0.52,1.7,244.62
2011,161,127.55,23.92,0.7,0.52,1.34,152.62
2011,162,66.27,22.3,6.8,0.52,1.41,102.81
2011,163,84.67,21,0.63,0.52,1.32,110.12
2011,164,108.17,20.11,0.34,0.52,1.81,195.62
2011,165,96.42,18,6.86,0.51,1.59,129.75
2011,166,148.49,20.3,0.15,0.51,1.69,308.31
2011,167,114.79,21.01,0.06,0.5,2.41,225.12
2011,168,122.14,21.78,14.49,0.52,2.46,198.19
2011,169,116.46,22.32,0.23,0.52,1.32,250.44
2011,170,110.81,21.67,0,0.51,1.84,112.69
2011,171,89.31,20.94,0.17,0.5,1.47,149.88
2011,172,92.02,21.62,0.54,0.49,2.38,213.5
2011,173,120.41,23.99,5.77,0.49,2.02,190.5
2011,174,93.88,24.4,5.78,0.5,0.91,168.75
2011,175,120.05,23.44,12.59,0.51,1.59,191.25
2011,176,131.85,22.48,0.34,0.51,1.55,252
2011,177,116.99,22.42,0,0.5,1.32,277.69
2011,178,78.16,22.87,0,0.48,1.22,171.88
2011,179,88.93,24.11,3.91,0.48,1.29,195.06
2011,180,137.67,23.8,2.69,0.48,2.05,289.19
2011,181,140.97,21.98,0,0.47,1.64,304.19
2011,182,154.29,22.54,0,0.46,1.12,265.38
2011,183,129.02,23.69,0.25,0.45,1.48,224.06
2011,184,80.51,22.41,21.22,0.47,2.48,219.19
2011,185,110.38,24.3,0.68,0.48,1.52,298.25
2011,186,131.95,24.72,0,0.48,1.52,266.62
2011,187,90.29,25.28,3.92,0.47,2.34,214.69
2011,188,128.81,25.75,6.64,0.47,1.55,226.12
2011,189,95.44,24.21,39.57,0.48,1.63,160.81
2011,190,144.06,24.56,3.49,0.53,1.8,278.5
2011,191,148.45,24.09,0,0.51,1.52,135.81
2011,192,136.48,25.45,0,0.49,3.09,220.75
2011,193,140.4,27.11,0.03,0.48,2.65,274.38
2011,194,116.3,25.55,0.18,0.46,2.25,317.75
2011,195,153.41,21.58,0,0.45,2.91,155.56
2011,196,136.35,22.94,0,0.45,2.03,243.62
2011,197,141.16,23.78,0,0.44,2.44,244.88
2011,198,144.33,24.02,0,0.43,2.95,222.69
2011,199,129.64,25.98,0.08,0.42,3.47,219.06
2011,200,121.47,26.88,3.04,0.42,1.39,171.88
2011,201,111.52,25.5,0.01,0.41,1.61,145.69
2011,202,134.09,27.48,0,0.41,3.15,210.56
2011,203,131.27,29.56,0.7,0.41,2.09,233.12
2011,204,128.86,30.78,0.22,0.41,1.88,256.31
2011,205,97.69,29.06,2.54,0.4,0.84,229.31
2011,206,90.52,25.21,2.6,0.4,2.31,123.94
2011,207,140.06,26.44,2.24,0.41,1.7,245.38
2011,208,140.62,25.55,0.09,0.4,1.56,249.56
2011,209,88.91,25.89,0.77,0.39,1.38,235.88
2011,210,115.82,26.87,19.3,0.41,2.02,210.88
2011,211,138.7,27.15,1.95,0.42,1.74,281.12
2011,212,129.8,26.25,0.3,0.41,1.43,141
2011,213,124.57,26.42,3.02,0.41,1.84,258.12
2011,214,130.04,26.39,0.02,0.4,1.74,294.88
2011,215,67.97,24.98,11.18,0.39,1.98,123.25
2011,216,95.09,23.23,4.94,0.41,2.52,96
2011,217,122.4,24.03,0,0.41,1.71,200.81
2011,218,124.17,24.53,0.08,0.4,2.94,191.5
2011,219,103.45,26.45,3.32,0.4,2.38,216.5
2011,220,124.14,27.34,0.36,0.4,1.92,306.06
2011,221,81.73,25.77,17.25,0.4,1.99,192.75
2011,222,128.68,25.07,0.06,0.41,2.6,264.5
2011,223,127.36,23.73,0,0.4,1.84,309.62
2011,224,126.09,23.17,0,0.39,1.43,300.06
2011,225,105.83,23.98,5.4,0.39,1.93,206.44
2011,226,32.77,22.88,75.7,0.48,3.23,163.62
2011,227,83.34,23.12,23.19,0.54,1.97,166.31
2011,228,84.52,21.31,6.2,0.53,1.62,225.75
2011,229,125.41,23.26,0.45,0.52,1.52,228.19
2011,230,96.96,23.11,8.39,0.5,2.67,207.88
2011,231,102.99,23.22,5.82,0.5,1.71,205.94
2011,232,123.95,22.73,0.08,0.49,1.24,268.06
2011,233,71.38,23.66,24.02,0.49,3.07,202.75
2011,234,117.02,21.42,1.08,0.52,2.35,308.81
2011,235,121.84,20.14,0,0.49,1.72,250.44
2011,236,119.12,21.69,0,0.48,3.02,193.75
2011,237,60.34,24.38,11.77,0.48,3.47,204.62
2011,238,105.2,24.47,0.06,0.48,1.19,200.88
2011,239,15.51,23.26,97.16,0.52,4.63,92.94
2011,240,57.88,22.12,54.96,0.67,6.3,221.75
2011,241,112.83,19.13,0,0.63,1.45,316.31
2011,242,116.15,20.2,0.04,0.6,1.39,120.44
2011,243,119.54,20.79,0,0.58,1.16,179.19
2011,244,109.57,20.4,0.01,0.56,1.3,175.62
2011,245,112.4,19.73,0,0.55,1.48,120.81
2011,246,110.48,21.43,0,0.55,2.34,213.69
2011,247,93.65,22.97,0.03,0.54,2.84,199.88
2011,248,84.87,23.62,3.68,0.54,3.52,193.5
2011,249,26.02,19.23,24.36,0.55,3.41,106.94
2011,250,89.61,23.08,24.91,0.59,2.56,124.12
2011,251,54.86,22.79,9.82,0.62,2.48,86.31
2011,252,103.07,23.26,0.09,0.6,1.69,170.31
2011,253,91.32,23.15,1.22,0.59,0.91,191.44
2011,254,72.55,21.08,9.7,0.59,1.98,122.19
2011,255,104.78,21.59,0.63,0.59,1.4,242.06
2011,256,104.09,22.08,0,0.58,2.23,226.12
2011,257,103.38,23.02,0.01,0.57,2.62,207
2011,258,69.82,19.7,0.96,0.56,3.06,258.69
2011,259,93.96,13.64,0,0.55,1.92,286.12
2011,260,47.02,14.7,0.6,0.55,2.39,72.62
2011,261,65.62,16.03,0.03,0.55,3.67,56.38
2011,262,83.96,15.63,0,0.55,1.98,92.06
2011,263,39.76,18.15,1.05,0.55,2.15,210
2011,264,58.65,20,1.32,0.55,1.41,139.06
2011,265,64.06,21.99,2.65,0.55,1.76,195.25
2011,266,33.8,21.59,32.5,0.57,2.81,170.12
2011,267,42.38,21.56,0.66,0.6,1.1,210.75
2011,268,53.23,21.98,0.09,0.59,0.75,124.06
2011,269,57.77,21.87,0.03,0.58,0.8,211.38
2011,270,54.56,21.03,3.58,0.57,1.41,147.88
2011,271,60.15,21.01,2.06,0.57,2.77,129.38
2011,272,54.92,20.88,8.79,0.58,2.64,210.44
2011,273,86.45,19.4,4.52,0.58,2.41,222.44
2011,274,68.62,16.36,15.36,0.59,2.48,265.06
2011,275,51.82,12.44,1.8,0.59,2.62,186.31
2011,276,49.53,10.46,1.01,0.59,1.4,223.56
2011,277,74.92,12.79,0.24,0.59,2.74,304.19
2011,278,91.29,15.24,0,0.58,3.14,252.88
2011,279,93.34,12.82,0,0.57,1.91,219.38
2011,280,89.29,13.01,0,0.56,1.77,95.88
2011,281,89.3,15.19,0,0.56,1.66,256
2011,282,86.24,18.31,0,0.55,1.48,306.5
2011,283,63.23,19.31,0,0.55,1.31,266.5
2011,284,52.88,17.95,0,0.55,2.48,92.69
2011,285,25.2,16.44,5.02,0.55,3.79,73.12
2011,286,32.31,19.13,3.24,0.56,2.41,104.94
2011,287,47.13,19.04,5.18,0.56,3.9,201.81
2011,288,80.37,14.82,0,0.56,4.7,244.62
2011,289,79.3,14.55,0,0.55,4.09,241.12
2011,290,69.23,15.25,0.01,0.55,3.12,257.81
2011,291,61.45,14.98,0.16,0.54,1.26,176.38
2011,292,23.09,18.53,22.57,0.56,3.65,110.88
2011,293,70.55,15.79,0.41,0.58,5.42,214.69
2011,294,66.63,11.31,0,0.57,3.34,262.25
2011,295,68.97,10.26,0,0.56,1.88,293.25
2011,296,72.01,10.96,0,0.55,1.09,234.25
2011,297,65.26,12.12,0.15,0.55,1.7,202.75
2011,298,75.59,11.43,0,0.55,2.97,296.44
2011,299,49.92,13.02,0.18,0.55,1.76,235.5
2011,300,23.48,12.33,8.16,0.55,2.58,270.94
2011,301,60.78,6.05,0.64,0.56,2.53,135.06
2011,302,10.73,4.04,36.85,0.59,5.45,135.62
2011,303,69.88,3.12,0,0.61,3.23,318.56
2011,304,61.45,6.56,0,0.6,1.54,193
2011,305,61.1,8.86,0.05,0.59,3.16,43.88
2011,306,66.19,8.38,0,0.59,1.38,86.88
2011,307,60.44,9.38,0,0.59,2.38,223.5
2011,308,37.92,7.95,0,0.58,3.73,99.38
2011,309,64.8,5.01,0,0.58,3,46.56
2011,310,57.14,7.06,0,0.58,1.43,161.69
2011,311,62.39,8.61,0,0.58,1.96,241.25
2011,312,60.8,11.52,0,0.57,1.2,231
2011,313,59.41,11.54,0,0.57,1.75,177.38
2011,314,30.73,13.15,0.08,0.57,2.02,239.25
2011,315,48.9,6.02,0.16,0.57,4.52,286.25
2011,316,56.7,7.34,0,0.56,3.37,234.06
2011,317,45.62,10.19,0,0.56,3.73,210.5
2011,318,54.13,13.83,0,0.56,3.88,213
2011,319,27.61,15.61,0.29,0.56,2.17,260.69
2011,320,10.75,13.98,13.93,0.57,1.76,164.75
2011,321,10.42,6.84,10.18,0.59,3.84,295.69
2011,322,56.35,3.19,0,0.59,2.91,273.31
2011,323,51.3,5.94,0,0.59,3.02,214.81
2011,324,43.8,11.83,0.73,0.58,3,228.44
2011,325,20.66,11.2,3.44,0.59,2.12,96.19
2011,326,11.51,10.54,26.92,0.59,3.38,100.19
2011,327,19.62,12.14,21.12,0.65,4.05,275.38
2011,328,51.77,5.87,0,0.64,2.47,302.25
2011,329,50.84,8.18,0,0.62,2.49,248.19
2011,330,44.41,9.1,0,0.62,1.64,232.06
2011,331,44.57,10.99,0,0.62,2.79,196.88
2011,332,38.49,13.51,0.08,0.62,2.83,187.81
2011,333,29.48,14.37,10.13,0.62,4.23,164.12
2011,334,40.26,7.62,0.64,0.62,3.88,252.56
2011,335,51.41,4.4,0,0.62,2.97,329.94
2011,336,46.61,5.63,0,0.62,2.19,211.75
2011,337,44.7,4,0,0.62,1.99,91.62
2011,338,44.41,7.67,0,0.62,1.82,177.25
2011,339,33.02,10.26,0.06,0.62,1.8,198.31
2011,340,18.45,13.93,1.43,0.62,3.08,200.31
2011,341,11.9,12.98,38.61,0.64,1.67,212.88
2011,342,43.95,2.95,4.56,0.68,4.07,293.75
2011,343,42.3,5.35,0.97,0.66,2.18,220.38
2011,344,36.93,3.19,0.67,0.66,2.95,335.31
2011,345,46.83,0.3,0,0.65,1.55,145.38
2011,346,34.03,1.9,0,0.65,0.84,287.56
2011,347,45.46,1.56,0,0.65,2.35,329.62
2011,348,37.85,4.1,0,0.65,1.56,164.5
2011,349,31.41,9.7,0.05,0.64,4.11,202.06
2011,350,35.85,7.26,0,0.64,3.52,298.19
2011,351,35.41,2.64,0,0.64,2.73,326.06
2011,352,43.66,-1.54,0,0.64,2.41,335.81
2011,353,43.98,2.68,0,0.64,3.53,230.56
2011,354,15.12,5.31,1.22,0.64,2,183.12
2011,355,13.18,10.43,3.97,0.64,3.73,197.5
2011,356,36.97,10.55,1.49,0.64,2,234.31
2011,357,20.99,7.32,24.55,0.68,3.16,289.94
2011,358,37.52,0.36,0,0.67,2.33,241.69
2011,359,35.67,2.65,0,0.66,2.45,208.56
2011,360,44.55,3.5,0,0.66,3.35,279.44
2011,361,13.71,6.69,19.24,0.67,4.02,194.19
2011,362,36.29,3.09,0.02,0.69,5.37,277.62
2011,363,35.74,-1,0,0.67,2.57,259.31
2011,364,42.5,4.3,0,0.67,1.79,193.12
2011,365,36.05,7.86,0.02,0.67,2.55,253.25
2012,1,46.12,6.39,1.08,0.67,3.2,238
2012,2,42.09,2.28,0,0.66,4.47,275.69
2012,3,37.48,-2.96,0,0.66,4.5,317.25
2012,4,41.73,-5.58,0.02,0.66,3.43,275.94
2012,5,28.86,-0.02,0,0.66,2.75,278.44
2012,6,43.57,3.55,0,0.66,2.84,219.56
2012,7,47.4,5.29,0,0.66,2.62,259.88
2012,8,46.56,2.78,0,0.66,2.44,300.5
2012,9,30.55,0.9,0.25,0.66,1.37,118.38
2012,10,47.34,2.07,0,0.66,2.89,281
2012,11,40.47,4.37,4,0.66,2.25,148.75
2012,12,28.38,9.53,22.81,0.7,3.74,181.75
2012,13,41.97,2.32,2.13,0.69,6.28,244.25
2012,14,49.66,-1.39,0.02,0.68,4.3,279.19
2012,15,52.17,-4.38,0,0.68,3.97,333.56
2012,16,52.16,-2.55,0.88,0.68,2.99,196.25
2012,17,17.05,5.48,4.96,0.68,4.94,217.19
2012,18,47.53,2.15,0.11,0.68,4.66,243.25
2012,19,45.98,-1.1,0,0.68,2.45,126.88
2012,20,49.73,-0.85,0.09,0.67,2.98,268.06
2012,21,7.13,-0.66,9,0.68,3.47,51.81
2012,22,26.81,-1.65,0,0.68,3.16,58.56
2012,23,23.34,5.91,3.61,0.68,2.84,150.75
2012,24,50.71,5.64,0.22,0.69,2.41,277.25
2012,25,53.7,2.59,0.01,0.69,2.02,309.44
2012,26,21.75,4.23,1.7,0.69,1.98,159.19
2012,27,13.48,9.68,9.15,0.7,5.24,231.19
2012,28,60.07,3.8,0,0.7,2.95,253.12
2012,29,56.85,1.79,0,0.69,3.64,251.19
2012,30,61.17,0.99,0,0.69,3.96,268.88
2012,31,52.28,6.55,0,0.68,3.75,218.25
2012,32,49.07,9.37,0.55,0.68,3.22,260.81
2012,33,23.82,4.99,0.05,0.68,2.83,181.5
2012,34,61.92,1.48,0,0.68,2.74,319.69
2012,35,31.82,2.65,0.61,0.68,1.73,263.19
2012,36,39.88,1.22,0.11,0.68,2.58,156.94
2012,37,66.11,2.55,0,0.67,3.24,256.25
2012,38,64.77,3.52,0,0.67,2.93,297.38
2012,39,26.01,1.08,1.87,0.67,2.28,48.5
2012,40,67.44,1.05,0,0.67,2.91,299.81
2012,41,55.42,2.48,0.53,0.67,2.05,256.44
2012,42,17.93,1.32,3.69,0.67,2.73,203.38
2012,43,56.71,-2.77,0.06,0.67,6.02,301.5
2012,44,71.46,-0.11,0,0.67,4.23,264.88
2012,45,47.37,2.77,0.14,0.67,1.72,211
2012,46,30.77,3.97,0.23,0.67,1.76,216.44
2012,47,15.37,3.73,2.8,0.67,1.69,147
2012,48,68.98,5.66,0.67,0.67,2.6,289.94
2012,49,76.26,3.56,0.22,0.67,2.68,276
2012,50,45.53,2.11,0,0.66,2.71,112.44
2012,51,69.56,1.69,0,0.66,3.7,167.12
2012,52,66.45,3.87,0,0.66,3.27,155.69
2012,53,63.52,7.44,0.03,0.66,3.44,229.12
2012,54,74.09,9.37,0.68,0.66,3.33,232.38
2012,55,30.92,7.33,12.2,0.66,4.12,141.56
2012,56,59.15,3.31,0.06,0.67,6.92,273.81
2012,57,82.1,1.56,0,0.66,3.13,281.5
2012,58,84.73,5.98,0,0.66,3.98,216.69
2012,59,82.26,5.69,0,0.66,2.52,292.44
2012,60,16.79,4.96,16.74,0.66,2.52,118.06
2012,61,54.89,6.66,2.74,0.68,2.23,267.12
2012,62,53.83,4.8,8.79,0.68,3.12,106.44
2012,63,34.24,8.94,2.97,0.69,3.51,243.69
2012,64,47.41,3.34,0.06,0.68,2.8,297.38
2012,65,55.37,1.27,0,0.68,3.13,294.38
2012,66,91.38,0.47,0,0.67,2.69,272.25
2012,67,93.32,7.2,0,0.67,4.23,210.69
2012,68,85.76,12.28,0.04,0.66,6.09,209.19
2012,69,71.33,7.12,1.43,0.66,4.41,302.62
2012,70,93.9,1.05,0,0.66,2.94,302.06
2012,71,95.99,5.43,0,0.66,3.25,223.25
2012,72,90.17,9.08,0.02,0.66,2.91,219.12
2012,73,79.26,13.96,3.08,0.66,3.41,219
2012,74,98.04,13.65,0.01,0.65,2.09,291.44
2012,75,46.7,9.33,0.03,0.65,2.55,104.69
2012,76,44.78,10.01,0.1,0.65,1.49,168.75
2012,77,73.05,10.16,0.03,0.65,1.89,113.62
2012,78,85.02,10.22,0,0.64,1.27,171.56
2012,79,105.71,12.87,0,0.64,1.77,196.94
2012,80,76.7,13.72,0.09,0.64,1.9,127.94
2012,81,52.35,14.3,0.13,0.63,1.48,170.94
2012,82,89.81,15.63,0.03,0.63,1.71,217.75
2012,83,98.22,14.94,0,0.62,1.97,147.38
2012,84,46.3,11.44,0.75,0.62,3.34,87.06
2012,85,34.26,9.76,3.98,0.63,2.78,62.62
2012,86,109.34,7.44,0,0.63,4.99,328
2012,87,113.8,3.88,0,0.62,3.24,309.62
2012,88,79.96,11.87,0.13,0.62,4.06,232.5
2012,89,90.25,10.13,0.01,0.62,3.8,327.81
2012,90,88.7,7,2.4,0.61,2.23,260.81
2012,91,33.88,6.48,7.23,0.62,3.58,62.75
2012,92,81.59,7.87,3.02,0.62,2.09,218.75
2012,93,111.91,8.01,4.59,0.63,4.33,319.81
2012,94,119.53,9.15,0,0.62,2.62,314
2012,95,102.89,12.37,0.01,0.62,2.62,286.44
2012,96,117.25,8.69,0,0.61,2.08,215.19
2012,97,123.68,7.22,0,0.6,2.96,262.69
2012,98,121.96,7.75,0,0.6,3.48,327.06
2012,99,125.68,10.43,0,0.59,3.53,290.69
2012,100,113.62,10.83,0,0.59,4.76,277.75
2012,101,95.58,10.15,0.03,0.59,3.38,274.88
2012,102,93.66,7.44,0,0.58,2.87,315.31
2012,103,92.79,9.01,0.01,0.58,2.8,331.88
2012,104,116.81,9.65,0,0.58,1.95,303.25
2012,105,102.59,12.44,0,0.57,2.81,237.81
2012,106,102.7,16.97,0.04,0.57,2.79,230.06
2012,107,122.4,19.21,0,0.56,2.58,215
2012,108,116.98,18.54,0.02,0.55,2.57,301.44
2012,109,63.53,12.11,0.18,0.55,2.02,90.94
2012,110,91.42,13.6,0.06,0.55,1.27,197.5
2012,111,82.12,13.92,0,0.55,1.59,157.06
2012,112,120.13,16.08,1.73,0.55,3.25,194.25
2012,113,29.55,10.23,55.18,0.57,3.86,103
2012,114,56.34,9.5,3.18,0.64,4.22,225.44
2012,115,113.71,9.55,0.04,0.62,3.99,231.56
2012,116,107.66,11.58,0.01,0.6,1.96,234.25
2012,117,43.05,11.51,0.64,0.59,2,168.88
2012,118,122.77,9.82,0.26,0.59,4.41,306.69
2012,119,77.73,7.87,0.62,0.59,2.31,289.19
2012,120,139.69,10.33,0.28,0.58,2.48,277.75
2012,121,95.27,10.5,0,0.57,2.16,111.94
2012,122,81.05,16.01,9.95,0.58,2.71,198.5
2012,123,34.81,11.43,8.27,0.59,2.84,92.81
2012,124,66.87,13.58,3.06,0.59,1.17,136.19
2012,125,104.16,17.69,1.06,0.59,1.55,221.88
2012,126,47.2,15.32,0.15,0.59,1.89,90.94
2012,127,85.63,13.23,0.01,0.58,2,102
2012,128,100.62,13.1,0.08,0.58,1.99,170.38
2012,129,104.97,15.58,5.94,0.57,3.94,178.88
2012,130,34.14,17.52,20.32,0.59,2.62,224.38
2012,131,117.88,14.5,4.92,0.61,3.21,301.44
2012,132,134.7,13.62,0,0.59,2.59,297.75
2012,133,138.73,16.51,0,0.59,1.99,268.69
2012,134,127.48,18.73,0.01,0.57,2.74,221.94
2012,135,88.85,17.94,0.29,0.57,2.62,197.44
2012,136,74.25,17.87,13.67,0.58,3.38,167.81
2012,137,109.8,19.97,1.05,0.59,1.95,212
2012,138,130.34,16.42,0,0.58,2.09,103.44
2012,139,144.09,15.03,0,0.56,2.4,69.88
2012,140,145.87,16.2,0,0.55,2.32,47.5
2012,141,104.28,17.27,1.04,0.55,3.6,55.5
2012,142,54.95,16.43,23.3,0.57,2.65,77.88
2012,143,72.23,18.22,1.15,0.59,1.29,97.94
2012,144,106.51,19.59,0.78,0.58,1.45,169.62
2012,145,119.89,19.7,2.93,0.57,1.75,125.56
2012,146,116.02,20.74,1.91,0.57,1.73,160.38
2012,147,123.28,22.42,2.87,0.56,2.13,213.81
2012,148,125.74,22.58,4.56,0.56,2.05,222.94
2012,149,136.73,24.51,0.22,0.55,1.92,236.19
2012,150,141.98,24.44,1.53,0.55,3.1,213.31
2012,151,51.48,21.29,3.57,0.55,1.2,167.19
2012,152,135.79,21.08,0.06,0.54,1.71,241.31
2012,153,109.35,19.51,10.66,0.53,3.66,96.62
2012,154,126.62,19.56,9.23,0.56,3.33,257.69
2012,155,137.96,18.37,1.69,0.55,2.73,276.81
2012,156,88.45,15.62,8.16,0.55,2.5,125.38
2012,157,110.87,14.94,0.16,0.55,1.94,64.38
2012,158,125.34,16.82,0.64,0.55,1.52,209.94
2012,159,121.32,18.78,2.3,0.54,1.65,252.31
2012,160,146.59,20.17,0.01,0.53,1.77,282.31
2012,161,126.91,22.17,0.16,0.52,1.67,294.06
2012,162,136.22,23.16,0.55,0.52,1.35,128.12
2012,163,107.05,21.04,0.19,0.51,3.16,130.38
2012,164,50.19,20.27,24.64,0.52,3.56,156.31
2012,165,81.54,20.15,5.35,0.55,3.51,122.56
2012,166,101.34,19.34,0.05,0.54,2.78,63.75
2012,167,150.26,18.96,0,0.52,2.38,67.75
2012,168,150.27,18.6,0,0.52,2.39,75.12
2012,169,108.67,17.3,0,0.51,2.25,83.19
2012,170,109.8,17.86,0,0.5,1.61,134.69
2012,171,105.62,20.69,0.01,0.49,1.89,189.88
2012,172,133.56,25.94,0,0.49,1.83,253.19
2012,173,143.26,27.57,0,0.48,1.65,281.88
2012,174,89.35,26.9,24.54,0.49,1.13,256.25
2012,175,141.1,23.43,2.42,0.51,1.72,315.12
2012,176,141.85,22.79,0.09,0.5,1.73,150.56
2012,177,84.38,21.81,17.36,0.51,2.09,263.94
2012,178,132.86,18.42,0,0.51,3.35,313.94
2012,179,147.14,20.88,0,0.49,2.71,291.12
2012,180,130.91,23.67,1,0.48,2.23,253.06
2012,181,122.16,26.01,6.12,0.48,2.12,245.25
2012,182,126.82,25.94,1.27,0.48,1.83,262.25
2012,183,141.02,26.23,0.06,0.46,1.9,257.19
2012,184,141.44,25.06,0,0.45,1.59,317.62
2012,185,138.81,25.48,0.17,0.45,1.93,252.06
2012,186,130.95,26.9,3.49,0.44,1.73,256.88
2012,187,133.47,28.62,0.11,0.44,1.37,266.5
2012,188,142.77,26.9,0,0.43,1.27,169.19
2012,189,124.55,28.92,0.99,0.42,2.27,243.38
2012,190,108.32,26.47,0.49,0.41,1.47,113.31
2012,191,97.93,24.95,0.25,0.41,1.81,90.81
2012,192,117.23,24.75,0.02,0.41,1.32,157.19
2012,193,133.84,24.53,0.02,0.41,2.01,116.88
2012,194,116.59,24.86,0,0.4,1.8,126.62
2012,195,100.91,25.42,0.09,0.4,1.03,202.88
2012,196,72.6,25.35,0.21,0.4,1.84,242.31
2012,197,109.77,25.24,12.64,0.41,2.02,227.25
2012,198,132.73,26.93,0.34,0.41,1.57,264.06
2012,199,133.34,28.19,0.01,0.41,2.12,249.38
2012,200,128.24,29.01,5.01,0.4,2.53,220
2012,201,65.78,24.76,4.69,0.41,2.7,102.06
2012,202,47.2,21.65,16.81,0.42,4.35,71.19
2012,203,88.74,20.87,0.17,0.43,2.41,81.62
2012,204,127.01,23.16,0,0.42,1.41,136.38
2012,205,114.2,25.62,0.76,0.41,2.56,217.31
2012,206,129.2,28.05,0.36,0.41,2.91,286.75
2012,207,148.77,24.73,0,0.39,2.59,206.81
2012,208,113.81,26.74,9.95,0.39,3.27,217.06
2012,209,125.59,27.5,0.55,0.4,2.01,245.12
2012,210,99.22,26.28,18.15,0.41,0.76,120.19
2012,211,98.77,23.76,2.85,0.42,1.33,64.06
2012,212,124.46,23.51,0.02,0.41,2.11,104.19
2012,213,108.45,23.24,0.21,0.41,1.84,81.62
2012,214,75.1,23.39,5.87,0.41,1.7,182.62
2012,215,127.66,25.64,0.15,0.41,1.76,230.94
2012,216,123.17,26.84,0.11,0.41,1.93,211.12
2012,217,125.9,26.73,0.57,0.4,1.99,180.31
2012,218,128.62,27.1,22.53,0.41,3.59,202.38
2012,219,104.14,25.6,8.79,0.44,1.57,292.56
2012,220,97.31,24.34,0.01,0.43,1.36,125.12
2012,221,88.16,24.84,0.21,0.42,1.18,156.88
2012,222,116.91,25.47,0.87,0.41,1.77,195.06
2012,223,73.6,24.53,22.27,0.43,2.98,185.06
2012,224,76.53,24.83,7.07,0.45,3.09,202.94
2012,225,115.96,24.01,0.06,0.45,1.66,250.19
2012,226,121.32,23.55,0,0.43,1.93,263.75
2012,227,84.29,23.7,4.71,0.43,2.01,185.12
2012,228,79.82,24.67,9.68,0.44,0.95,221.38
2012,229,126.79,23.73,0.11,0.44,1.77,301.44
2012,230,113.09,24.73,2.99,0.43,2.72,216.62
2012,231,100.12,22.35,6.24,0.43,1.83,107.38
2012,232,77.15,21.12,0.01,0.43,1.16,119.88
2012,233,80.79,21.88,0.03,0.42,1.29,99.62
2012,234,99.87,22.59,0.01,0.41,1.34,196.06
2012,235,109.34,23.04,0,0.41,1.28,176.75
2012,236,101.94,23.64,0.05,0.41,1.09,207.88
2012,237,88.79,24.12,0,0.4,1.27,171
2012,238,61.11,23.52,2.13,0.4,2.48,94.06
2012,239,110.03,23.45,0,0.4,2.54,93.62
2012,240,94.4,24.4,17.38,0.41,2.41,171.31
2012,241,99.52,25.33,2.56,0.42,2.65,272.44
2012,242,117.11,22.59,0,0.41,1.83,88.25
2012,243,117.28,22.3,0,0.41,1.78,273.88
2012,244,112.83,25.02,0,0.4,2.43,247
2012,245,83.69,26.23,0,0.39,2.07,213.12
2012,246,52.62,24.22,1.21,0.39,1.62,137.38
2012,247,38.13,23.2,16.25,0.41,2.87,109.94
2012,248,69.91,24.79,37.87,0.47,2.62,185.62
2012,249,83.21,25.14,14.57,0.48,2.83,238.62
2012,250,50.27,22.6,0.23,0.48,1.12,244.81
2012,251,111.6,23.91,0.16,0.47,2.1,228.31
2012,252,95.3,23.65,9,0.46,3.52,210.38
2012,253,101.66,20.23,0.57,0.46,1.87,189
2012,254,111.45,18.32,0,0.45,3.06,341.19
2012,255,112.66,17.24,0,0.44,1.66,239.88
2012,256,111.54,19.23,0,0.43,1.36,215.75
2012,257,111.23,19.8,0,0.43,1.43,193.62
2012,258,101.52,20.32,0,0.42,1.8,212.12
2012,259,110.66,18.84,0.01,0.42,2.68,320.81
2012,260,92.86,17.94,0,0.41,1.77,271.88
2012,261,101.61,18.75,0,0.41,1.79,240.38
2012,262,58.22,22.3,22.14,0.42,5.55,183.12
2012,263,93.7,17.8,1.24,0.45,2.41,289.38
2012,264,87.03,17.4,0,0.44,1.94,81.44
2012,265,100.72,18.52,0,0.44,1.73,98.62
2012,266,96.28,20.58,4.77,0.43,3.09,192.44
2012,267,102.48,16.69,0.56,0.43,2.09,323.56
2012,268,101.94,14.39,0,0.43,1.96,289.19
2012,269,100.36,16.76,0,0.42,3.21,212.81
2012,270,84.66,20.6,1.19,0.42,3.28,212.12
2012,271,59.13,19.82,1.64,0.42,1.23,225.19
2012,272,63.86,20.75,4.15,0.42,2.25,189.81
2012,273,49.76,16.84,0.82,0.42,1.38,287.31
2012,274,85.18,16.61,0.51,0.42,1.88,225.94
2012,275,83.08,16.12,0.01,0.41,2.33,254
2012,276,32.2,19.98,8.67,0.42,2.15,151.44
2012,277,56.91,22.61,1.66,0.43,1.23,221.56
2012,278,40.9,21.82,1.16,0.43,0.79,219.25
2012,279,85.95,20.06,0.01,0.42,1.75,270.81
2012,280,74.78,18.73,0,0.42,3.18,257
2012,281,18.57,10.87,3.19,0.42,2.11,187.19
2012,282,37.49,10.15,0.23,0.42,1.77,171
2012,283,28,14.08,11.27,0.43,3.36,45.25
2012,284,62.25,15.93,5.87,0.45,2.78,194.25
2012,285,88.57,11.22,0,0.44,2.73,273.31
2012,286,69.65,10.65,0,0.44,3.42,288.56
2012,287,82.39,8.65,0,0.43,1.99,115
2012,288,81.42,15.61,0.01,0.43,4.02,206.81
2012,289,46.84,17.9,5.09,0.42,3.41,219.75
2012,290,81.24,12.26,0.14,0.43,3.11,304.5
2012,291,60.88,11.29,0,0.43,1.47,142.25
2012,292,74.8,14.98,0.22,0.42,2.69,148.88
2012,293,40.57,19.13,15.05,0.45,3.62,168.75
2012,294,75.91,15.15,0.36,0.45,2.42,261.56
2012,295,76.14,12.3,0,0.44,2.56,292.5
2012,296,77.52,13.05,0,0.44,2.66,296.62
2012,297,51.23,14.94,0.1,0.43,1.25,257.88
2012,298,57.55,16.3,0.05,0.43,1.46,103.62
2012,299,21.86,15.6,0.02,0.43,1.72,94.62
2012,300,53.56,16.51,0,0.43,1.52,92.56
2012,301,43.44,15.33,0,0.42,2.57,68.88
2012,302,15.37,13.83,5.24,0.43,5.77,41.94
2012,303,8.62,13.8,82.83,0.52,9.88,49.69
2012,304,20.64,9.71,4.84,0.56,5.51,181.94
2012,305,48.55,8.32,0.1,0.54,2.8,234.5
2012,306,39.17,8.1,0,0.52,2.97,261.56
2012,307,44.52,7.42,0.01,0.52,3.48,283.88
2012,308,39.86,6.27,0,0.51,3.88,306.62
2012,309,49.72,5.23,0,0.5,2.62,309.94
2012,310,47.27,3.73,0,0.5,2.7,301.44
2012,311,43.36,3.12,0.04,0.49,2.49,42.19
2012,312,6.62,2.44,23.63,0.5,5.68,130.38
2012,313,52.86,2.95,1.27,0.52,3.96,330.56
2012,314,59.53,4.31,0,0.52,2.77,310.12
2012,315,43.09,7.6,0,0.52,1.34,250.56
2012,316,59.46,10.75,0,0.52,2.13,186.69
2012,317,54.59,13.02,0.06,0.51,2.8,179.38
2012,318,17.36,8.95,5.06,0.52,3.45,276.75
2012,319,51.03,4.23,0,0.52,3.04,21.75
2012,320,30.13,4.28,0,0.51,2.32,36.75
2012,321,29.62,4.22,0,0.51,2.27,11.19
2012,322,49.23,5.17,0,0.51,2.85,42.44
2012,323,29.48,6.47,0,0.51,2.96,54.06
2012,324,30.45,7.22,0,0.51,3.41,39.12
2012,325,44.62,6.64,0,0.51,2.14,37.94
2012,326,50.39,6.62,0,0.5,2.3,38.12
2012,327,49.84,7.57,0,0.5,2.02,51.38
2012,328,49.65,7.62,0.3,0.5,1.72,226.12
2012,329,38.45,4.01,0.08,0.5,4.41,293.94
2012,330,38.13,1.55,0,0.5,3.37,269.94
2012,331,47.23,3.48,0,0.5,2.13,281.31
2012,332,8.16,3.55,11.51,0.51,2.43,52.88
2012,333,41.05,1.75,0.21,0.52,2.87,287.75
2012,334,46.59,2.15,0,0.52,2.73,269.5
2012,335,38.62,4.21,0,0.51,1.31,163.38
2012,336,39.77,7.72,0,0.51,2.03,61.88
2012,337,27.42,7.98,0.46,0.51,2.04,201.38
2012,338,45.57,11.36,0.41,0.51,1.45,236.75
2012,339,33.16,11.8,0.17,0.51,2.56,184.31
2012,340,25.18,9.08,0.2,0.51,3.5,295.44
2012,341,45.87,1.12,0,0.51,2.04,166.75
2012,342,12.93,5.01,6.96,0.51,1.5,206.69
2012,343,20.11,8.87,16.85,0.55,1.1,245.38
2012,344,9.34,7.87,12.9,0.55,2.68,105.19
2012,345,17.45,12.85,2,0.55,3.23,204.81
2012,346,28.33,7.99,2.03,0.55,2.51,325
2012,347,25.65,3.83,0,0.55,1.69,212.62
2012,348,45.27,4.04,0,0.54,2.09,55.38
2012,349,46.5,2.94,0,0.54,2.28,268.56
2012,350,38.59,3.94,0,0.54,1.56,118.75
2012,351,12.05,8.14,6.93,0.54,1.32,110.56
2012,352,13.11,8.25,3.96,0.55,2.19,68.19
2012,353,40.55,9.62,6.35,0.56,3.59,255.5
2012,354,43.55,4.8,0.01,0.55,3.98,299.69
2012,355,31.63,3.65,3.83,0.55,2.65,156.81
2012,356,16.82,6.92,19.49,0.59,6.66,221.44
2012,357,28.14,2.37,0.26,0.58,5.87,283.12
2012,358,45.12,1.25,0,0.57,3.25,260.31
2012,359,24.91,1.48,3.86,0.57,1.68,167.31
2012,360,32.77,2.77,0.28,0.57,2.66,259.94
2012,361,7.49,3.55,52.38,0.59,5.05,65.31
2012,362,29.34,3.24,7.81,0.66,4.96,289.69
2012,363,40.54,-0.06,0,0.64,2.64,275.5
2012,364,11.08,1.47,6.41,0.63,2.19,175
2012,365,42.8,-0.78,0.01,0.63,5.52,301.5
2012,366,31.73,0.62,0,0.62,3.76,258.12
2013,1,14.05,1.47,0,0.62,3.06,296.12
2013,2,44.66,-1.88,0,0.62,2.95,326.56
2013,3,40.18,-1.27,0,0.62,2.67,295.69
2013,4,35.89,0.12,0,0.62,4.23,269.75
2013,5,46.34,0.44,0,0.61,2.67,282.56
2013,6,42.34,2.08,0.25,0.61,2.23,245.94
2013,7,36.07,2.56,0,0.61,2.42,300.81
2013,8,43.13,2.3,0,0.61,2.38,226.69
2013,9,30.42,4.54,0,0.61,2.19,227.75
2013,10,50,3.47,0,0.61,2.71,268.25
2013,11,21.09,4.9,14.84,0.62,1.75,125.62
2013,12,19.73,6.46,0.08,0.63,1.39,221.56
2013,13,27.73,6.44,0.31,0.62,1.67,187.94
2013,14,15.68,8.86,3.22,0.62,2.64,246.62
2013,15,7.31,2.94,12.48,0.64,2.7,25.19
2013,16,12.44,2.51,16.65,0.66,2.43,162.56
2013,17,18.69,2.76,0.29,0.66,2.09,280.56
2013,18,52.41,-1.55,0.02,0.65,2.81,188.25
2013,19,56.06,2.22,0,0.65,4.77,213.44
2013,20,54.66,3.96,0.01,0.64,4.71,260.69
2013,21,38.14,-1.32,0.16,0.64,1.69,298.25
2013,22,51.3,-6.06,0,0.64,5.62,292.94
2013,23,45.1,-8.87,0,0.63,3.45,290
2013,24,49.62,-7.01,0,0.63,3.8,276.69
2013,25,28.8,-7.31,1.3,0.63,2.34,279.31
2013,26,51.71,-5.68,0,0.63,3.48,318.75
2013,27,56.33,-3.93,0,0.63,2.35,307.31
2013,28,18.14,-0.59,2.91,0.63,2.84,228.19
2013,29,32.17,3.67,0.23,0.64,1.84,201.12
2013,30,37.36,9.9,1.01,0.64,5.07,187.25
2013,31,59.84,5.58,16.53,0.66,7.59,254.81
2013,32,33,-2.27,0.34,0.66,4.62,279.69
2013,33,57.95,-3.73,0.14,0.65,3.38,250.25
2013,34,42.96,-2.4,0.22,0.65,1.92,201.12
2013,35,51.45,-3.17,0.03,0.65,3.96,275.62
2013,36,27.68,-0.24,0.09,0.64,1.45,104
2013,37,51.51,0.46,0.06,0.64,2.85,279.19
2013,38,37.52,-0.92,0.07,0.64,2.43,62.5
2013,39,8.26,2.3,29.56,0.66,4.94,117.44
2013,40,65.11,-2,2.4,0.67,5.49,324.19
2013,41,66.52,-3.57,0.03,0.66,1.95,228.19
2013,42,18.88,4.33,9.46,0.68,3.62,207.44
2013,43,69.85,2.45,0,0.68,3.23,295.69
2013,44,46.48,2.09,4.91,0.68,2.06,116.88
2013,45,60.38,1.98,0.24,0.68,2.16,273.75
2013,46,74.99,3.89,0.14,0.67,2.52,217.56
2013,47,26.72,1.23,0.71,0.67,3.43,105.38
2013,48,57.79,-2.53,0.09,0.67,6.27,315.12
2013,49,78.22,-3.19,0,0.66,4.44,279.12
2013,50,35.8,2.94,5.49,0.67,4,212.38
2013,51,60.84,-1.24,0.01,0.67,5.45,286.12
2013,52,78.12,-2.27,0,0.66,4.99,308.75
2013,53,41.02,-0.67,0.35,0.66,2.34,81.75
2013,54,13.72,3.97,7.57,0.67,2.73,94.69
2013,55,64.56,3.26,7.7,0.68,3.87,292
2013,56,69.88,2.23,0.08,0.68,1.95,260.44
2013,57,32.71,3.45,9.56,0.68,3.62,93.06
2013,58,56.23,6.75,14.89,0.71,4.16,198
2013,59,33.77,4.51,7.31,0.7,2.3,283.5
2013,60,44.36,2.69,0.02,0.7,3.31,312.5
2013,61,59.79,0.78,0,0.7,2.89,315.62
2013,62,70.17,-0.38,0,0.69,3.59,312.25
2013,63,88.49,0.11,0.01,0.69,4.61,305.06
2013,64,87.89,1.73,0,0.69,2.2,237.06
2013,65,17.87,3.36,12.7,0.69,7.84,53.81
2013,66,53.77,3.01,2.53,0.7,5.77,192.38
2013,67,34.48,1.5,10.05,0.7,5.29,346.56
2013,68,96.01,4.2,0,0.7,2.86,152.38
2013,69,81.73,4.23,0,0.7,1.91,108.31
2013,70,66.5,6.96,0.03,0.7,2.71,163.69
2013,71,20.27,9.08,18.65,0.7,4.58,209.44
2013,72,85.62,4.52,0.01,0.71,3.23,288.56
2013,73,80.19,0.64,0,0.7,4.97,292.62
2013,74,72.7,2.59,0,0.7,3.76,269.62
2013,75,30.8,2.39,2.07,0.7,2.33,83.44
2013,76,58.91,0.55,0.05,0.7,2.76,291.31
2013,77,27.32,2.16,18.83,0.7,4.05,81.75
2013,78,63.4,4.8,7.06,0.73,2.79,227.81
2013,79,96.65,3.09,0,0.72,3.46,269.94
2013,80,42.88,0.06,0.06,0.71,3.54,202.12
2013,81,70.14,0.19,0,0.7,3.98,283.44
2013,82,106.7,2.01,0,0.7,3.73,298.19
2013,83,65.12,1.66,0.65,0.7,2,184.25
2013,84,24.43,2.05,14.74,0.71,4.28,136.75
2013,85,80.61,4.44,0.09,0.72,2.27,298
2013,86,90.99,4.61,0,0.71,3.2,302.5
2013,87,64.93,4.67,0,0.7,2.73,317.25
2013,88,95.62,5.73,0,0.7,2.38,307.12
2013,89,100.14,6.23,0,0.7,1.85,279.38
2013,90,44.61,6.14,6.85,0.7,2.98,186.81
2013,91,96.11,8.12,0.42,0.7,3.66,268.44
2013,92,114.07,1.97,0,0.7,3.72,295.25
2013,93,114.49,2.13,0,0.7,3.73,296.19
2013,94,107.33,3.19,0.25,0.69,2.37,233.94
2013,95,103.97,6.8,6.3,0.7,2.35,232.31
2013,96,124.57,4.29,0,0.69,2.35,232.94
2013,97,114.08,7.51,0,0.69,3.58,189.56
2013,98,106.08,12.08,0,0.68,2.2,184.25
2013,99,114.13,16.93,0,0.68,2.91,240.88
2013,100,113.3,17.06,4.51,0.68,2.32,218.5
2013,101,78.43,12.94,5.44,0.69,3.19,118.12
2013,102,33.88,10.58,19.33,0.7,3.62,110.12
2013,103,113.52,9.42,2.54,0.7,2.29,281.25
2013,104,124.55,10.07,0,0.7,2.56,247.38
2013,105,78.62,8.38,0.09,0.69,2.52,105.44
2013,106,118.58,12.35,0.05,0.68,3.45,168.81
2013,107,88.1,13.64,0.07,0.68,2.17,138.19
2013,108,71.19,11.76,0.03,0.67,3.04,136.25
2013,109,78.96,15.56,2.82,0.67,5.28,184.25
2013,110,73.43,9.8,8.06,0.68,3.85,291.62
2013,111,132.24,5.48,0,0.67,2.62,136.62
2013,112,94.31,6.67,0,0.67,4.39,74.56
2013,113,50.48,7.37,0,0.66,4.03,56
2013,114,109.7,11.05,0.02,0.66,3.3,237.31
2013,115,129.8,10.7,0.06,0.66,2.56,288.5
2013,116,131.17,11,0,0.65,1.76,287.31
2013,117,132.35,11.3,0,0.65,1.7,100.56
2013,118,114.45,11.64,0.28,0.64,1.81,169.31
2013,119,31.38,11.72,7.48,0.65,2.73,145.12
2013,120,108.38,11.97,0.26,0.65,3.04,91.62
2013,121,125.17,10.55,0,0.64,2.74,73.81
2013,122,142.59,11.78,0,0.63,1.76,91.81
2013,123,134.65,10.74,0,0.63,3.13,77.62
2013,124,143.35,10.73,0,0.62,3.03,69.19
2013,125,117.05,9.44,0,0.62,3.02,71.12
2013,126,76.32,11.69,0.01,0.62,2.67,73.69
2013,127,74.17,12.81,1.19,0.62,2.82,82.25
2013,128,107.34,15.74,20.49,0.64,2.5,145.31
2013,129,102.02,15.3,10.47,0.66,1.45,211.69
2013,130,130.1,17.93,0.02,0.64,1.91,230.06
2013,131,64.3,17.55,13.36,0.65,2.95,204.81
2013,132,115.66,14.21,5.71,0.66,3.54,286.06
2013,133,107.37,9.22,0,0.64,3.09,291.19
2013,134,130.41,9.59,0,0.63,2.26,288.06
2013,135,100.7,14.94,0.05,0.62,3.24,198.94
2013,136,110.23,18.38,0.25,0.62,1.47,205.12
2013,137,137.65,16.45,0.04,0.62,2.03,282.5
2013,138,52.15,14.35,0.39,0.61,1.97,149
2013,139,29.89,15.23,8.77,0.62,3.06,151.62
2013,140,100.27,19.1,0.21,0.62,2.34,211.19
2013,141,116.62,20.96,0.01,0.61,2.7,216.44
2013,142,92.92,21.02,0.1,0.61,2.65,201.12
2013,143,94.27,19.9,5.38,0.61,4.04,191.94
2013,144,46.3,14.3,7.7,0.62,3.71,294.12
2013,145,96.11,10.99,2.17,0.62,4.72,313.5
2013,146,153.62,12.8,0,0.61,3.45,262.19
2013,147,126.84,14.73,0,0.6,1.59,248.62
2013,148,39.27,15.66,8.33,0.6,2.05,192.88
2013,149,134.89,20.79,0.16,0.6,2.91,214.31
2013,150,145.89,23.17,0,0.59,2.45,227.12
2013,151,142.03,22.69,0,0.59,2.52,217.06
2013,152,142.7,22.54,0,0.58,3.22,206
2013,153,137.3,22.15,5.72,0.57,3.81,204.25
2013,154,57.95,20.69,11.72,0.59,2.37,219.56
2013,155,152.78,17.56,0.02,0.59,2.27,317.19
2013,156,140.84,16.82,0,0.57,1.56,76.31
2013,157,115.31,17.38,1.53,0.57,2.6,138.94
2013,158,44.59,18.88,80.18,0.63,3.05,137.69
2013,159,80.54,19.72,3.13,0.68,2.29,266.81
2013,160,121.94,20.83,0.01,0.65,1.33,262.12
2013,161,50.4,19.84,35.5,0.66,2.6,153.94
2013,162,129.77,22.49,0.71,0.68,3.47,241.94
2013,163,135.16,20.85,0.03,0.65,2.57,254.44
2013,164,81.9,19.99,14.5,0.65,2.88,149.94
2013,165,93.26,16.99,19.79,0.68,3.3,230.12
2013,166,145.6,19.93,0,0.66,1.88,284.56
2013,167,109.74,20.9,0.73,0.66,2.38,233.06
2013,168,123.79,22.23,1.22,0.65,1.91,232.25
2013,169,49.54,20.68,21.33,0.66,1.02,162.44
2013,170,130.66,18.84,0.15,0.66,2.34,93.88
2013,171,146.13,18.94,0,0.65,1.9,193.06
2013,172,147.47,19.52,0,0.64,1.73,191.44
2013,173,147.31,20.59,0,0.63,1.88,204.88
2013,174,124.83,22.45,3.4,0.62,2.41,209.56
2013,175,138.33,24.49,4.19,0.62,2.16,237.31
2013,176,137.12,24.98,1.19,0.62,2.23,241.44
2013,177,138.24,24.77,5.29,0.62,1.97,236.44
2013,178,129.26,24.78,11.08,0.62,1.95,200.69
2013,179,134,24.42,3.49,0.62,3.03,209.25
2013,180,122.65,23.63,0.32,0.62,2.07,205.56
2013,181,78.16,23.04,2.9,0.61,2.54,184.88
2013,182,69.84,23.3,10.63,0.62,3.09,186.56
2013,183,94.06,23.54,3.86,0.62,3.08,192.31
2013,184,132.41,23.95,8.8,0.62,2.52,203.88
2013,185,143.55,25.08,0.01,0.62,2.88,214.81
2013,186,147.4,25.29,0,0.6,2.76,215.12
2013,187,145.8,26.55,0,0.59,2.52,230.31
2013,188,149.48,26.49,0.23,0.58,2.67,224
2013,189,122.02,24.87,1.48,0.58,2.21,239.81
2013,190,94.45,24.74,5.77,0.58,2.13,218.75
2013,191,99.85,25.51,2.08,0.58,2.7,214.81
2013,192,63.48,24.64,2.16,0.58,1.55,229.12
2013,193,53.12,22.54,15.81,0.59,3.12,72.06
2013,194,125.86,24.58,8.6,0.6,1.99,157.44
2013,195,120.09,25.82,0,0.59,1.79,235.12
2013,196,145.79,27.13,0.02,0.58,1.77,280.94
2013,197,142.2,27.51,0,0.56,1.47,113.19
2013,198,138.32,28.02,0,0.55,1.14,151.94
2013,199,137.28,27.91,0.99,0.55,1.8,244.94
2013,200,136.13,27.7,0.35,0.55,2.91,219.06
2013,201,117.7,27.07,5.7,0.55,2.84,231.62
2013,202,121.48,25.28,4.32,0.55,1.26,127.75
2013,203,103.93,24.45,24.04,0.57,1.69,107
2013,204,115.53,25.53,4.04,0.59,2.3,227.38
2013,205,118.2,23.82,0.01,0.57,1.93,236.44
2013,206,47.58,18.84,0.21,0.56,4.05,29.75
2013,207,123.8,21.4,0.01,0.55,2.41,219.25
2013,208,117.76,22.04,0,0.55,1.79,190.19
2013,209,85.7,22.15,14.88,0.55,2.05,187.56
2013,210,123.31,22.72,0.17,0.56,1.62,271.62
2013,211,127.79,21.54,0,0.55,1.62,302.88
2013,212,113.67,22.15,0.03,0.54,1.27,253.06
2013,213,38.26,21.46,16.53,0.55,2.72,194.75
2013,214,131.8,23.07,0.4,0.56,2.12,259.94
2013,215,57.98,21.77,0.67,0.55,2.38,247.75
2013,216,126.44,21.13,0.01,0.54,2,271
2013,217,136.54,19.94,0,0.53,1.7,289.88
2013,218,78.39,20.84,0.32,0.52,1.57,189.06
2013,219,66.55,21.37,7.29,0.52,2.72,166.06
2013,220,103.41,24.07,8.04,0.54,3.05,197.94
2013,221,88.46,25.1,3.13,0.54,3.11,209.06
2013,222,93.42,24.23,0.02,0.53,1.52,288.81
2013,223,125.25,22.33,0.36,0.52,1.62,158.25
2013,224,107.18,23.42,1.8,0.52,0.84,188.81
2013,225,76.02,22.84,42.57,0.55,2.02,219.81
2013,226,119.51,19.28,0.5,0.57,3.1,320.44
2013,227,117.38,18.82,0,0.55,1.43,253.62
2013,228,118.59,19.97,0,0.54,1.16,195
2013,229,108.47,20.72,0,0.53,1.46,131.75
2013,230,61.46,20.77,0.05,0.52,1.79,82.94
2013,231,73.45,20.79,0.01,0.52,2.06,254.75
2013,232,120.34,22.87,0,0.52,1.56,251.69
2013,233,109.79,23.76,0.4,0.51,1.9,236.75
2013,234,79.48,23.38,11.39,0.51,2.03,223.06
2013,235,69.23,22.01,0.16,0.52,1.98,158.81
2013,236,126.77,20.2,0.74,0.52,2.09,66.88
2013,237,118.15,20.39,0,0.51,1.58,204.25
2013,238,98.27,21.99,0.24,0.5,3.17,228.44
2013,239,111.61,24.4,0.38,0.49,2.08,212.12
2013,240,32.19,23.83,6.01,0.49,1.45,168.62
2013,241,78.45,22.66,1.39,0.5,2.37,73.25
2013,242,82.84,22.88,0,0.49,2.22,199.75
2013,243,110.45,23.82,1.01,0.48,3.23,205.94
2013,244,94.98,24.15,2.41,0.48,2.25,189.12
2013,245,56.88,24.36,6.41,0.49,1.44,197
2013,246,89.18,22.9,5.59,0.5,1.7,269.88
2013,247,122.46,20.39,0,0.49,2.17,281
2013,248,86.83,20.23,0,0.48,2.28,213.56
2013,249,114.75,17.19,0,0.48,1.59,67.62
2013,250,113.19,18.11,0,0.47,1.8,234.81
2013,251,98.88,21.11,0.03,0.47,2.5,213.81
2013,252,93.39,18.56,0,0.46,2.17,112.19
2013,253,90.79,23.41,0.01,0.46,3.07,205.12
2013,254,107.13,25.19,0.12,0.45,2.52,210.88
2013,255,100.73,24.3,3.12,0.45,3.16,201.75
2013,256,86.05,20.55,6.46,0.46,2.77,313.44
2013,257,100.09,15.15,0,0.45,2.38,323.69
2013,258,107.45,15.68,0,0.45,1.84,265.19
2013,259,50.18,17.82,0.66,0.45,2.32,281.12
2013,260,104.32,13.43,0.01,0.45,2.92,51.44
2013,261,107.15,14.45,0,0.45,1.23,186.06
2013,262,107.42,16.14,0,0.44,1.74,233.69
2013,263,103.13,17.66,0,0.44,1.7,211.12
2013,264,94.11,19.56,11.59,0.44,2.89,183.5
2013,265,100.27,17.73,10.65,0.47,2.9,304.62
2013,266,103.88,13.35,0,0.46,2.51,340.19
2013,267,103.06,13.96,0,0.45,1.97,246.31
2013,268,92.61,15.47,0,0.45,1.26,135.75
2013,269,75.52,16.47,0,0.45,1.3,94.88
2013,270,70.94,15.86,0,0.45,1.95,48.94
2013,271,89.99,16.84,0,0.44,2.42,67.12
2013,272,92.3,15.88,0,0.44,2.26,73.06
2013,273,88.77,16.2,0,0.44,1.64,85.31
2013,274,91.6,18.38,0,0.43,1.84,273.25
2013,275,94.62,20.44,0,0.43,2,269.81
2013,276,67.72,20.31,0,0.42,1.15,151.06
2013,277,85.73,21.7,0.17,0.42,1.67,222.06
2013,278,66.27,21.1,0.07,0.42,1.32,148.88
2013,279,73.31,21.31,0.09,0.42,2.17,144.69
2013,280,54.55,20.55,9.13,0.42,4.2,210.12
2013,281,58.55,15.26,0.02,0.43,2.58,134.69
2013,282,30.59,15.17,1.91,0.43,4.22,57.56
2013,283,23.42,15.46,13.82,0.45,5.16,46.44
2013,284,24.31,17.2,12.39,0.46,5.34,52.06
2013,285,46,17.23,5.05,0.47,5.07,57.25
2013,286,74.38,15.43,0.25,0.46,4.34,65
2013,287,68.02,13.89,0,0.45,2.02,66.5
2013,288,79.29,14.84,0,0.45,2.18,65.56
2013,289,46.54,15.94,0,0.45,1.16,93.88
2013,290,54.44,17.91,0.6,0.45,2.12,204.25
2013,291,80.16,14.96,0.11,0.45,3.18,279.38
2013,292,32.61,13.46,0.68,0.44,1.93,222.62
2013,293,79.55,11.82,0.02,0.44,2.91,293
2013,294,77.51,12,0,0.44,1.99,227
2013,295,59.75,13.56,0,0.43,2.39,250.69
2013,296,19.02,9.1,3.72,0.44,2.2,188.31
2013,297,52.88,7.39,0.01,0.44,3.55,280
2013,298,65.23,7.18,0,0.44,3,291.5
2013,299,70.59,7.85,0,0.44,3.38,241.62
2013,300,68.51,9.03,0,0.43,2.97,282.06
2013,301,63.48,9.73,0,0.43,1.79,250.12
2013,302,58.28,9.91,0,0.43,2.23,58.06
2013,303,19.8,11.83,0.84,0.43,1.29,182
2013,304,35.52,15.98,0.22,0.43,3.27,184.56
2013,305,22.62,18.02,3.49,0.43,4.41,219.38
2013,306,50.71,14.23,0.84,0.44,1.81,188.31
2013,307,42.66,7.87,0,0.43,3.26,284.75
2013,308,55.72,4.3,0,0.43,2.9,40.75
2013,309,51.73,9.52,0,0.43,1.71,116.12
2013,310,64.15,11.69,0,0.43,2.18,175.88
2013,311,14.98,13.1,3.02,0.43,3.27,263
2013,312,46.29,6.17,0,0.43,3.46,296.25
2013,313,46.38,5.5,0,0.43,2.38,256.31
2013,314,54.81,8.89,0,0.43,4.18,265.81
2013,315,59.73,7.59,0,0.43,3.2,263.31
2013,316,10.87,3.31,0.32,0.43,4.06,319.88
2013,317,59.12,0.26,0,0.43,3.09,308.62
2013,318,59.56,4.43,0,0.42,3.47,246.88
2013,319,43.3,6.25,0,0.42,2.04,228.31
2013,320,20.7,8.75,1.7,0.43,1.16,152.06
2013,321,33.62,12.69,0.23,0.43,1.58,140
2013,322,55.24,14.05,4.85,0.43,3.82,252.62
2013,323,57.34,5.87,0,0.43,3.98,312.19
2013,324,50.02,2.06,0,0.43,2.8,42.19
2013,325,41.96,6.8,0,0.43,1.82,125.31
2013,326,22.46,10.8,0.7,0.43,2.27,228.56
2013,327,37.98,6.03,0.01,0.43,4.24,310.25
2013,328,52.57,-2.77,0,0.42,5.55,307.62
2013,329,49.87,-1.6,0,0.42,2.86,263.38
2013,330,13.8,3.3,16.78,0.43,2.63,179.31
2013,331,11.27,7.55,33.77,0.51,5.38,264.75
2013,332,50.81,-0.49,0,0.51,3.73,302.75
2013,333,45.59,-0.26,0,0.49,2.02,250.06
2013,334,34.87,0.68,0,0.48,2.1,76.62
2013,335,48.7,4.23,0,0.48,1.38,274.75
2013,336,27.92,5.22,0,0.48,1.11,108.31
2013,337,40.6,5.84,0,0.47,1.6,191.06
2013,338,25.01,7.57,0.12,0.47,1.22,177.75
2013,339,17.7,11.1,0.82,0.47,2.15,187.88
2013,340,8.3,9.5,8.97,0.48,2.99,139.81
2013,341,32.55,2.01,11.3,0.5,3.34,286.31
2013,342,8.27,-0.66,13.91,0.49,2.72,67.94
2013,343,17.48,3.08,11.11,0.52,2.73,185.88
2013,344,10.73,-0.53,7.02,0.52,2.99,292
2013,345,43.42,-3.26,0,0.52,3.13,269.94
2013,346,38.77,-4.79,0,0.51,3.46,302.44
2013,347,43.03,-2.26,0,0.51,3.5,270.5
2013,348,11.79,2.04,20.74,0.52,3.21,100.56
2013,349,36.61,2.43,6.58,0.56,4.1,266.44
2013,350,36.9,-2.97,0.01,0.55,3.43,302.06
2013,351,15.2,-0.34,2.02,0.54,2.27,155.81
2013,352,43.52,-1.82,0.21,0.54,3.48,283.44
2013,353,40.62,1.81,0,0.54,2.73,235.62
2013,354,27.45,5.65,0,0.54,2.92,214.31
2013,355,41.26,11.09,0.01,0.53,3.8,208.19
2013,356,17.9,14.98,0.34,0.53,4.78,205.88
2013,357,11.52,12.26,12.15,0.55,2.42,263
2013,358,38.02,1.87,1.5,0.55,3.84,299.44
2013,359,44.27,-3.35,0,0.55,2.07,226.69
2013,360,33.34,-0.33,0,0.55,2.12,254.75
2013,361,37.83,0.5,0,0.54,2.53,273.81
2013,362,47.75,3.19,0,0.54,3.01,229.75
2013,363,5.55,4.73,31.16,0.57,3,209.88
2013,364,24.37,1.88,0,0.59,3.41,250.19
2013,365,44.03,-1.58,0,0.58,3.11,198.5
2014,1,44.22,-0.25,0,0.57,1.88,219.44
2014,2,12.99,0.1,11.33,0.57,3.88,37.06
2014,3,43.06,-9.86,5.52,0.57,5.45,295.31
2014,4,46.69,-7.55,0,0.56,2.34,246.06
2014,5,25.85,0.76,4.57,0.57,1.98,177
2014,6,15.76,3.16,10.68,0.6,4.77,245.12
2014,7,47.63,-12.98,0,0.6,6.14,280.56
2014,8,47.98,-8.69,0,0.59,2.69,274.75
2014,9,48.17,-2.97,0,0.59,1.75,145.88
2014,10,17.83,1.59,6.89,0.59,1.16,138
2014,11,14.02,9.76,16.41,0.61,4.84,192
2014,12,39.45,3.73,0.05,0.62,3.73,280.88
2014,13,49.15,4.37,0,0.62,2.87,198.12
2014,14,6.65,5.51,11.85,0.62,2.44,245.25
2014,15,38.55,3.8,0.05,0.62,1.43,214.25
2014,16,23.05,1.96,0.02,0.62,2.11,309.31
2014,17,54.8,1.81,0.02,0.62,1.88,210.19
2014,18,43.02,0.66,0.93,0.62,3.34,232.25
2014,19,52.54,-0.77,0.03,0.62,3.91,248.44
2014,20,40.19,2.15,0,0.61,3.12,265.81
2014,21,10.31,-4.34,8.16,0.61,5.5,27.25
2014,22,52.06,-11.15,2.27,0.61,5.19,300.69
2014,23,45.68,-9.32,0,0.61,3.65,291.56
2014,24,54.41,-9.69,0,0.61,3.84,276.25
2014,25,18.48,-4.6,0.39,0.61,5.51,220.62
2014,26,50.09,-5.39,0.02,0.61,3.84,250
2014,27,36.57,-0.38,0,0.61,4.29,257.75
2014,28,34.89,-8.68,0.73,0.61,2.94,321.31
2014,29,52.9,-8.81,0.69,0.61,3.56,302.12
2014,30,54.59,-7.92,0,0.61,1.55,246.94
2014,31,50.46,-1.85,0,0.61,1.77,259.5
2014,32,47.36,1.13,0.08,0.61,1.73,157.19
2014,33,47.88,3.8,1.02,0.61,1.76,230.94
2014,34,8.52,0.18,23.08,0.62,3.77,19.69
2014,35,38.37,-2.9,0.22,0.62,1.94,51.12
2014,36,31.69,1.1,34.51,0.66,3.27,166.69
2014,37,44.52,-4.52,0.04,0.66,3.11,329.56
2014,38,64.93,-4.29,0,0.66,2.45,288.31
2014,39,32.33,-6.42,0,0.65,2.03,320.69
2014,40,40.32,-5.82,1.16,0.65,1.98,263.56
2014,41,56.16,-5.56,0.01,0.65,3.49,315.56
2014,42,56.18,-8.72,0,0.64,3.31,336.5
2014,43,46.23,-7.6,1.16,0.64,2.94,50.81
2014,44,16.8,0.19,46.6,0.66,6.14,79.62
2014,45,64.9,0.04,0.64,0.7,4.97,264.38
2014,46,21.11,-0.56,3.86,0.7,4.49,152.94
2014,47,69.99,-5.22,0,0.69,3.81,297.62
2014,48,73.83,-6.23,0.1,0.68,2.75,236.5
2014,49,70.92,-0.2,4.23,0.69,2.37,214.44
2014,50,26.03,2.1,6.11,0.7,2.88,200.81
2014,51,67.29,2.97,0.08,0.7,2.04,229.31
2014,52,35.09,5.48,4.18,0.7,3.02,210.69
2014,53,80.91,4.5,0,0.7,3.17,239.56
2014,54,64.41,5.15,0.05,0.7,2.27,250.38
2014,55,82.89,0.81,0.26,0.7,4.21,291.69
2014,56,36.29,-2.25,0.03,0.69,2.92,291.94
2014,57,42.95,-2.85,0.59,0.69,2.96,276.62
2014,58,58.12,-4.15,0,0.69,4.36,219.5
2014,59,88.06,-7.81,0,0.69,2.21,280.12
2014,60,71.95,-1.98,0,0.68,1.57,176.81
2014,61,39.41,0.73,1.4,0.68,1.84,147.69
2014,62,20.11,-5.5,4.27,0.68,4.41,195.38
2014,63,61.14,-6.36,0,0.68,1.77,76.56
2014,64,74.76,-1.72,0,0.68,2.13,89.94
2014,65,67.69,-3.89,0,0.68,4.16,50.69
2014,66,27.39,0.55,0.1,0.68,3.86,51.56
2014,67,86.09,3.7,0.02,0.68,2.6,281.75
2014,68,81.7,2.78,0.41,0.68,2.67,316.06
2014,69,56.7,3.97,0,0.68,2.87,225.19
2014,70,68.04,8.86,0,0.67,2.46,246.88
2014,71,43.62,7.44,7.49,0.68,4.4,195.12
2014,72,92.96,-4.09,0.13,0.68,6.71,309.94
2014,73,71.04,0.91,0,0.68,4.12,227.88
2014,74,90.59,7.08,0.02,0.67,4.06,262.19
2014,75,70.19,0.47,1.15,0.67,3,248.44
2014,76,31.09,-2.31,1.6,0.67,4.08,45.5
2014,77,78.07,0.59,0,0.66,3.59,65.62
2014,78,50.87,4.07,13.64,0.67,3.21,112.75
2014,79,86.66,6.15,0.3,0.69,3.88,273.25
2014,80,96.18,4.23,0,0.68,3.1,272.44
2014,81,66.05,7.09,0,0.67,3.31,199.69
2014,82,45.35,1.8,0,0.67,2.95,317.25
2014,83,106.59,-2.31,0,0.66,2.87,320
2014,84,50,-0.13,2.45,0.66,2.02,111.62
2014,85,98.98,-0.77,0.52,0.66,5.71,309.94
2014,86,95.06,-0.61,0,0.66,2.83,253.06
2014,87,55.61,8.08,0.37,0.66,4.55,202.62
2014,88,22.88,7.94,52.67,0.69,2.84,115.94
2014,89,24.12,7.49,11.25,0.74,4.07,188.56
2014,90,84.05,5.68,3.3,0.73,4.28,346.81
2014,91,99.88,5.92,0,0.72,1.97,230.75
2014,92,68.15,7.48,0.37,0.71,1.09,163.19
2014,93,93.54,9.05,1,0.7,1.81,118.31
2014,94,29.7,6.64,3.29,0.7,3.93,111.81
2014,95,115.77,6.94,0.02,0.7,3.84,302.81
2014,96,122.31,5.34,0,0.7,1.97,247
2014,97,35.92,6.24,9.37,0.7,2.81,133.56
2014,98,61.12,11.01,3.75,0.71,3.51,250.38
2014,99,115.3,8.58,0.01,0.7,2.43,283.44
2014,100,125.95,8.5,0,0.7,3.12,164
2014,101,101.88,12.55,0.01,0.7,2.77,214.44
2014,102,120.99,12.94,0,0.69,1.96,215.69
2014,103,112.09,13.9,0,0.68,4.12,188.12
2014,104,105.09,14.88,0.4,0.68,5.13,190.94
2014,105,29.41,12.03,21.35,0.69,6.18,219.06
2014,106,135.38,2.72,3.05,0.7,3.84,223.06
2014,107,88.17,3.96,0,0.7,3.58,66.31
2014,108,82.8,4.7,0,0.69,1.8,93.12
2014,109,105.74,9.39,0,0.69,1.87,126.12
2014,110,118.9,7.45,0,0.68,3.2,69.56
2014,111,133.9,9.26,0,0.67,1.57,116.69
2014,112,106.43,12.41,0.04,0.67,2.48,215.06
2014,113,110.59,10.21,0,0.66,4.83,308
2014,114,139.57,7.85,0,0.66,3.86,312.56
2014,115,119.63,8.6,7.57,0.66,2.23,134.31
2014,116,127.84,12.36,9.24,0.68,2.86,227.56
2014,117,133.03,9.63,0.14,0.67,2.59,336.06
2014,118,112.93,10.04,0.06,0.66,1.69,114.19
2014,119,46.05,7.9,2.92,0.66,4.91,91.44
2014,120,24.01,10.25,86.04,0.73,5.07,121.25
2014,121,79.48,16.58,12.15,0.78,2.9,224.5
2014,122,108.84,14.19,0.39,0.75,2.31,284.69
2014,123,103.47,13.26,0.66,0.73,1.88,235.81
2014,124,86.59,12.5,0.27,0.72,3.32,282.38
2014,125,134.35,11.41,0,0.71,2.8,309.38
2014,126,130.64,12.63,0,0.7,1.52,238.56
2014,127,86.34,11.83,1.61,0.7,1.62,104.75
2014,128,72.51,14.05,7.61,0.71,1.59,113.06
2014,129,69.66,15.27,0.59,0.7,2.02,128.25
2014,130,88.59,18.44,5.9,0.7,2.78,231.62
2014,131,134.52,17.98,0.63,0.7,1.93,273.88
2014,132,129.38,18.71,0.51,0.7,2.34,220.38
2014,133,110.89,15.4,0.01,0.69,2.98,131.56
2014,134,60.96,14.33,0.22,0.69,2.52,91.5
2014,135,85.3,18.59,0.2,0.68,3.43,154.88
2014,136,38.9,17.63,24.81,0.7,4.45,169.69
2014,137,127.27,14.54,0.85,0.7,2.13,287.38
2014,138,122.57,13.28,0,0.7,1.9,322.62
2014,139,137.54,13.68,0.06,0.69,2.33,309
2014,140,131.19,16.38,0.09,0.68,2.3,294.12
2014,141,63.59,17.69,0.3,0.67,1.09,231.38
2014,142,64.74,17.91,10.19,0.67,1.77,172.44
2014,143,104.62,16.98,6.7,0.68,1.29,218.31
2014,144,94.32,15.1,3.48,0.68,2.16,165.81
2014,145,138.55,18.14,0.19,0.67,1.73,261.69
2014,146,140.57,20.33,0,0.66,2.69,246.62
2014,147,108.97,21.36,2.67,0.66,2.39,248.25
2014,148,36.88,16.67,4.57,0.66,3.02,118.31
2014,149,72.88,13.33,0.19,0.66,2.34,75.31
2014,150,123.83,16.72,0.18,0.66,1.19,197.19
2014,151,137.53,16.14,0.01,0.65,2.77,145.44
2014,152,150.17,16.33,0,0.64,1.42,180.5
2014,153,147.96,17.51,0,0.63,2.56,223.56
2014,154,133.23,21.36,1.34,0.62,1.86,229.25
2014,155,125.28,21.8,1.31,0.62,1.41,183.31
2014,156,77.28,19.54,16.38,0.64,2.8,232.44
2014,157,141.32,18.51,0,0.63,1.94,317.56
2014,158,147.2,19.7,0,0.62,1.3,215.25
2014,159,126.18,20.62,0.01,0.62,1.86,223.12
2014,160,70.92,20.33,11.54,0.62,2.72,179.62
2014,161,97.13,22.13,6.05,0.63,1.52,146
2014,162,52.39,18.7,0.61,0.62,3.23,79.75
2014,163,76.35,19.63,2.09,0.62,2.6,111.62
2014,164,112.38,21.68,11.38,0.63,1.7,172.44
2014,165,140.66,19.66,1.13,0.63,2.69,311.5
2014,166,144.47,19.07,0,0.62,2.13,319.38
2014,167,148.31,21.3,0,0.6,1.41,177.75
2014,168,137.18,24.56,0.01,0.59,1.98,225
2014,169,134.2,26.26,3.22,0.59,2.41,275.69
2014,170,73.73,22.33,4.07,0.59,1.37,209.69
2014,171,149.27,20.46,0,0.59,1.69,219.31
2014,172,92.16,20.18,0.01,0.58,1.8,63.56
2014,173,133.75,20.31,0,0.57,1.49,103.94
2014,174,142,21.19,0,0.56,1.4,195.38
2014,175,145.49,21.62,0,0.55,2.74,188.75
2014,176,123.51,23.46,5.91,0.55,2.77,185.88
2014,177,108.63,24.69,1.5,0.55,1.72,281.06
2014,178,134.08,21.98,0.08,0.55,2.34,95.12
2014,179,143.75,21.94,0,0.54,1.27,174.75
2014,180,143.88,21.65,0,0.53,1.66,167.94
2014,181,141.35,22.84,0,0.52,2.22,198.81
2014,182,140.02,24.75,0,0.52,3.16,202.94
2014,183,147.84,25.4,16.39,0.52,2.78,189
2014,184,134.77,25.58,9.2,0.54,2.24,202.69
2014,185,49.96,21.04,13.96,0.55,3.49,192.88
2014,186,157.52,19.9,0,0.55,2.66,290.44
2014,187,140.05,21.04,0,0.54,2.99,227.44
2014,188,143.46,24.3,0.54,0.52,3.57,210.12
2014,189,134.42,25.44,3.31,0.52,3.48,208.94
2014,190,108.9,24.44,0.65,0.51,2.16,219.81
2014,191,74.1,22.35,3.89,0.51,1.79,112.69
2014,192,137.56,22.83,0.09,0.51,1.65,71.06
2014,193,142.48,23.06,0,0.49,1.58,181.12
2014,194,119.23,23.92,6.78,0.49,3.79,193.5
2014,195,107.35,24.67,27.72,0.52,2.58,196.75
2014,196,114.63,25.05,24.82,0.55,2.87,188.56
2014,197,87.68,22.58,10.1,0.58,1.46,244.94
2014,198,132.25,21.44,0,0.56,1.6,281.94
2014,199,136.53,21.45,0,0.54,1.48,95.25
2014,200,74.42,21.1,0.33,0.53,1.79,105.38
2014,201,75,20.9,4.42,0.53,3.04,49.94
2014,202,120.55,22.04,0.01,0.52,1.59,95.38
2014,203,133.02,23.13,0,0.52,1.96,217.25
2014,204,137.71,24.83,1.21,0.51,2.78,209.94
2014,205,82.91,23.38,0.5,0.5,1.72,290.88
2014,206,141.52,21.98,0.01,0.49,1.8,119.31
2014,207,76.59,22.41,1.82,0.48,2.37,209.56
2014,208,107.33,24.26,14.17,0.5,2.53,203
2014,209,128.6,23.87,5.74,0.52,3.14,244.19
2014,210,113.48,20.35,0,0.5,1.89,283.19
2014,211,129.5,20.47,0,0.49,1.33,254.88
2014,212,124.08,22.13,0.01,0.48,2.45,205.5
2014,213,61.52,22.58,11.47,0.48,1.45,175.81
2014,214,60.51,20.78,21.33,0.52,2.48,54.25
2014,215,65.29,21.43,5.55,0.53,1.92,91.56
2014,216,115.68,23.09,0,0.52,1.72,239.38
2014,217,125,24,0.02,0.51,0.91,214
2014,218,100.19,22.68,0.01,0.49,1.72,297.12
2014,219,126.96,21.97,0,0.48,1.87,329
2014,220,121.87,21.3,0,0.48,1.64,289.38
2014,221,117.67,22.28,0,0.47,1.23,205.81
2014,222,122.67,22.87,0,0.46,1.27,170.12
2014,223,111.37,22.55,0,0.45,1.83,179.44
2014,224,54.88,22.2,46.86,0.47,3.55,138.5
2014,225,101.94,23.81,22.85,0.57,2.48,258.5
2014,226,123.88,20.05,1.11,0.55,2.5,268
2014,227,130.77,19.15,0.02,0.52,2.14,279.5
2014,228,105.34,19.98,0.01,0.51,1.9,225.19
2014,229,91.15,21.34,0.14,0.5,2.19,274.75
2014,230,115.56,20.98,0,0.49,1.45,292.69
2014,231,115.4,21.87,0,0.48,1.31,124.12
2014,232,119.26,22.51,0.22,0.48,1.45,109.06
2014,233,105.25,22.46,3.89,0.48,1.39,145.44
2014,234,77.71,21.61,18.74,0.5,2.27,97.56
2014,235,70.85,20.66,1.71,0.5,2.77,68.56
2014,236,112.77,20.25,0,0.49,2.35,58.94
2014,237,117.34,22.34,0,0.48,1.32,100.62
2014,238,119.1,22.76,0,0.48,1.35,120.44
2014,239,122.48,23.36,0.01,0.47,1.59,227.81
2014,240,117.46,22.64,0.02,0.46,2.55,284.12
2014,241,107.52,19.44,0,0.45,1.83,100.62
2014,242,88.46,21.51,0,0.45,1.78,161.75
2014,243,110.17,25.06,9.82,0.45,3.02,207.31
2014,244,100.29,25.43,6.45,0.47,1.61,224.88
2014,245,114.16,26.48,3.02,0.47,2.3,228.94
2014,246,96.91,23.88,0.15,0.46,1.66,286
2014,247,112.74,23.37,0,0.45,1.48,198.62
2014,248,105.34,24.94,0.1,0.45,1.88,187.75
2014,249,110.46,26.05,8.2,0.45,2.46,228
2014,250,97.35,21.88,0.08,0.45,2.28,67.56
2014,251,47.02,20.85,0.01,0.45,3.33,77.31
2014,252,47.73,20.47,0.19,0.45,4.1,60.44
2014,253,93.66,21.04,0.01,0.44,2.39,82.12
2014,254,97.72,23.41,0.02,0.44,2.66,221.56
2014,255,108.46,20.11,0,0.43,2.44,37.62
2014,256,39.84,19.17,7.28,0.44,2.68,122.06
2014,257,98.52,15.96,0.06,0.44,2.02,188.5
2014,258,99.43,16.44,0,0.44,1.31,172.75
2014,259,80.52,17.02,4.11,0.44,1.28,131.56
2014,260,102.2,17.15,0.03,0.44,1.3,131.31
2014,261,87.45,18.18,0,0.43,1.37,280.12
2014,262,75.1,16.39,0,0.43,3.14,76.81
2014,263,82.57,20.06,2.35,0.43,2.44,145.44
2014,264,55.44,21.41,0.42,0.43,1.31,169.12
2014,265,92.68,18.33,0,0.43,3.1,296.5
2014,266,85.98,14.97,0,0.42,1.4,130.69
2014,267,55.63,17.67,1.07,0.42,3.71,70.62
2014,268,29.73,17.06,26.5,0.45,4.8,35.69
2014,269,98.48,18.05,0.01,0.46,2.35,64.25
2014,270,102.73,19.19,0,0.45,1.54,168.06
2014,271,92.86,19.93,0,0.45,1.38,222.44
2014,272,49.62,19.27,0.38,0.44,1.34,238.56
2014,273,82.77,19.28,0.81,0.44,1.78,113.25
2014,274,45.86,17.9,1.67,0.44,2.81,30.69
2014,275,39.53,17.12,0.06,0.44,2.25,46.5
2014,276,72.43,16.89,0.03,0.43,1.88,95.88
2014,277,47.59,17.37,12.98,0.45,3.77,221.06
2014,278,93.98,11.01,0,0.45,2.88,270.12
2014,279,92.8,15.08,0,0.45,3.02,187.06
2014,280,66.52,18.81,2.06,0.44,3.77,195.56
2014,281,85.57,18.58,3.59,0.45,3.69,253
2014,282,84.38,14.78,0,0.44,2.59,264.75
2014,283,28.52,13.46,0.74,0.44,1,184.88
2014,284,14.04,12.66,9.62,0.45,3.05,34.81
2014,285,76.98,12.16,0,0.45,1.96,66.06
2014,286,24.85,16.26,0.99,0.45,2.02,164.38
2014,287,68.81,20.19,0.05,0.45,3.27,171.94
2014,288,44.29,21.55,11.78,0.45,4.19,159.75
2014,289,69.71,18.51,12.13,0.48,3.09,208.06
2014,290,79.57,16.56,0,0.47,2.62,234
2014,291,67.47,15.94,0,0.46,2.95,262.44
2014,292,71.01,9.98,0,0.45,3.55,322.62
2014,293,67.11,10.49,0,0.45,2.24,239.94
2014,294,59.98,14.69,8.95,0.45,1.03,139.62
2014,295,25.91,12.8,21.24,0.48,4.64,124
2014,296,27.27,10.73,9.89,0.51,4.77,334.19
2014,297,62.56,12.86,0,0.5,2.85,317.94
2014,298,71.77,13.08,0.01,0.49,2.84,272.88
2014,299,74.27,12.94,0,0.48,3.4,294.56
2014,300,73.66,11.26,0,0.48,2.38,274.31
2014,301,57.94,15.45,0,0.48,2.62,202.31
2014,302,42.8,15.36,0.26,0.47,2.51,268.62
2014,303,58.87,10.22,0,0.47,1.91,298.12
2014,304,30.45,9.3,2.76,0.47,2.52,32.88
2014,305,23.12,7.51,33.36,0.51,5.64,102.44
2014,306,58.09,5.74,0.63,0.52,5.88,332.38
2014,307,57.7,7.05,0,0.51,3.35,281.69
2014,308,57.52,12.45,0,0.5,2.58,235.81
2014,309,37.48,12.74,0.15,0.5,2.01,248.12
2014,310,17.04,10.95,11.38,0.51,1.7,239.88
2014,311,47.18,7.84,0.11,0.52,4.24,303.94
2014,312,59.46,4.98,0,0.51,2.23,257.56
2014,313,39.48,8.74,0,0.5,1.73,262.38
2014,314,61.75,8.94,0,0.5,1.36,203
2014,315,46.74,13.01,0,0.5,1.7,141.19
2014,316,33.06,13.72,0.01,0.49,1.95,249.12
2014,317,23.4,5.55,2.29,0.49,2.03,243.94
2014,318,51.82,2.62,1.28,0.5,3.58,316.25
2014,319,57.7,1.37,0,0.5,2.34,312.5
2014,320,19.62,3.95,0.73,0.49,1.66,230.31
2014,321,12.15,8.06,33.95,0.52,2.79,169.75
2014,322,55.91,-1.39,0.04,0.55,5.3,278.94
2014,323,56.76,-2.02,0,0.54,3.68,251.38
2014,324,45.23,2.38,0,0.53,3.68,261.06
2014,325,52.76,-1.29,0,0.52,3.63,299.5
2014,326,53.65,1.24,0,0.52,3.14,244.25
2014,327,39.58,6.51,2.05,0.52,2.62,205.44
2014,328,39.81,15.75,9.05,0.54,5.2,194.25
2014,329,15.54,10.65,0.06,0.53,1.88,275.75
2014,330,7.45,3.44,31.4,0.55,4.55,155.25
2014,331,36.23,0.58,0.1,0.56,2.34,311.25
2014,332,42.52,-1.18,0,0.56,2.98,316.25
2014,333,19.23,-0.47,0,0.55,1.48,247.38
2014,334,42.58,7.13,0,0.55,3.11,211.19
2014,335,39.24,9.84,3.61,0.55,3.24,248.94
2014,336,7.48,4.83,8.92,0.56,3.58,60.81
2014,337,15.31,6.86,2.15,0.57,3.41,247.25
2014,338,37.16,2.46,0,0.57,2.04,248.44
2014,339,21.81,6.02,4.29,0.56,1.97,106
2014,340,11.18,7.73,26.64,0.59,1.93,183.94
2014,341,41.91,2.23,4.21,0.62,6.03,18
2014,342,19.76,1.04,3.38,0.6,4.61,49.38
2014,343,14.87,4.38,46.01,0.66,5.48,169.19
2014,344,16.21,2.24,0.44,0.66,4.7,303.44
2014,345,20.34,0.72,0.82,0.64,4.38,261.69
2014,346,34.01,0.45,0.03,0.63,3.16,302.75
2014,347,39.77,1,0,0.63,3.05,312
2014,348,18.06,2.41,0,0.62,2.62,312.88
2014,349,31.35,2.86,0,0.62,1.41,284.12
2014,350,31.95,5.79,4.92,0.62,1.62,173.38
2014,351,40.85,6.4,0.17,0.63,3.52,289.88
2014,352,44.65,1.6,0,0.62,3.77,290.06
2014,353,21.36,0.61,0,0.62,2.83,315.62
2014,354,16.3,-0.9,0,0.62,1.44,320
2014,355,38.87,0.02,0,0.62,1.73,236.88
2014,356,27.04,3.48,0.72,0.62,1.66,59.5
2014,357,21.13,8.65,3.43,0.62,2.65,70.06
2014,358,11.58,10.93,16.19,0.64,3.04,142.94
2014,359,34.7,8.44,11.28,0.66,4.24,268.12
2014,360,47.7,3.65,0,0.66,2.36,274.31
2014,361,44.53,5.19,0,0.65,1.83,232.94
2014,362,21.88,7.04,0.75,0.65,2.23,268.88
2014,363,22.57,3.15,0.11,0.65,2.35,235.94
2014,364,29.72,-0.96,0.03,0.64,2.59,190.94
2014,365,45.34,-2.02,0,0.64,2.8,278.31
2015,1,47.76,0.15,0,0.64,4.2,247.25
2015,2,35.41,1.11,0,0.64,2.93,287.25
2015,3,9.68,2.99,20.54,0.65,2.15,119.88
2015,4,16.95,9.42,11.35,0.68,4.07,228.75
2015,5,41.78,0.76,0,0.68,5.26,292.81
2015,6,17.74,-4.75,1.32,0.66,2.31,288.5
2015,7,33.62,-6.27,0.03,0.66,5.53,293.12
2015,8,47.59,-9.46,0,0.66,4.07,271.5
2015,9,33.46,-3.27,0.22,0.66,4.61,254
2015,10,49.59,-7.57,0,0.66,3.34,285.25
2015,11,48.61,-2.6,0,0.66,2.26,226.38
2015,12,8.86,1.41,19.17,0.66,2.2,235.56
2015,13,41.72,-3.04,1.04,0.68,4.36,102
2015,14,22.7,-2.07,0.13,0.67,3.34,49.06
2015,15,36.53,-2.43,0.01,0.67,2.51,261.06
2015,16,44.6,-1.2,0.01,0.67,4.37,285.12
2015,17,53.23,-5.06,0,0.66,2.13,220.25
2015,18,8.66,2.54,42.1,0.7,2.7,216.44
2015,19,40.5,1.32,0.06,0.72,3.84,276
2015,20,35.01,0.55,0.21,0.7,1.77,306.88
2015,21,20.11,-1.49,2.61,0.7,2.13,55.69
2015,22,19.62,-0.48,0.03,0.7,2.14,311.69
2015,23,46.18,-0.91,2.92,0.7,1.9,274.75
2015,24,17.07,0.34,25.35,0.71,4.05,181.62
2015,25,45.61,0.15,0.15,0.72,3.2,219.25
2015,26,14.82,-1.49,5.56,0.72,6,44.38
2015,27,29.98,-4.32,2.37,0.71,5.38,279.94
2015,28,58.62,-7.2,0,0.71,3.86,328.56
2015,29,41.2,-4.47,0.13,0.71,2.25,140.19
2015,30,37.9,-1.22,0.44,0.71,4.84,286.19
2015,31,63.18,-7.78,0,0.71,5.38,311.75
2015,32,37.21,-3.04,0.78,0.71,2.08,239.56
2015,33,14.53,-0.1,30.15,0.73,4.59,244.62
2015,34,62.05,-7.99,0,0.74,2.98,289.94
2015,35,60.84,-0.4,0,0.73,3.23,204
2015,36,39.46,-3.7,0.06,0.73,5.38,309.75
2015,37,61.86,-7.49,0,0.73,3.18,288.5
2015,38,49.09,-1.93,0,0.73,2.07,232.81
2015,39,55.09,1.85,0.13,0.73,1.29,112.44
2015,40,12.66,-0.7,0.62,0.73,5.12,37.94
2015,41,36.19,-1.45,0.39,0.73,5.34,20.62
2015,42,61.02,-3.27,0,0.73,3.53,48.12
2015,43,23.96,-1.65,0.16,0.73,3.57,265.44
2015,44,74.09,-9.71,0,0.73,4.61,315.81
2015,45,25.62,-3.85,3.59,0.73,3.15,216.44
2015,46,67.51,-10.92,0.65,0.72,8.12,311.12
2015,47,47.36,-11.77,0.73,0.72,3.9,305.94
2015,48,34.22,-7.2,5.47,0.72,2.41,188.62
2015,49,61.16,-5.4,0.03,0.72,1.96,222.69
2015,50,64.05,-9.17,0.06,0.72,5.88,290.44
2015,51,71.44,-12.79,0,0.72,4.49,288.19
2015,52,30.15,-6.17,13.33,0.72,3.14,210.56
2015,53,46.75,0.73,7.71,0.73,1.41,213.81
2015,54,53.5,-6.27,0.1,0.73,4.59,333.56
2015,55,66.66,-10.39,0.03,0.73,2.3,153.5
2015,56,69.66,-4.42,0,0.73,2.87,262.31
2015,57,52.88,-4.09,0.81,0.73,3.91,24.62
2015,58,68.48,-5.35,0.02,0.73,2.83,309.19
2015,59,73.17,-6.51,0,0.73,1.94,287.75
2015,60,21.28,-3.49,10.36,0.73,1.37,225.25
2015,61,68.29,-1.4,2.26,0.73,3.66,297.5
2015,62,42.48,-2.99,12.1,0.73,2.92,174
2015,63,20.91,1.98,9.92,0.75,2.09,257.81
2015,64,13.92,-2.63,26.53,0.77,3.61,310.38
2015,65,78.29,-9.74,0,0.76,2.57,194
2015,66,72.79,-5.92,0,0.76,3.1,243.06
2015,67,77.41,0.63,0,0.77,2.62,273.12
2015,68,79.11,4.7,0.09,0.77,1.77,257.69
2015,69,47.76,4.87,11.01,0.77,1.78,182.5
2015,70,59.13,7.57,1.85,0.78,2.26,293.06
2015,71,99.67,2.94,0,0.77,3.69,336.56
2015,72,77.88,1.52,0.24,0.77,2.21,110
2015,73,22.08,6.29,26.5,0.79,2.52,215.19
2015,74,36.27,3.69,0.02,0.8,4.95,300.94
2015,75,82.78,3.8,0,0.79,2.12,262
2015,76,81.43,6.02,0.13,0.78,4.43,281.69
2015,77,102.08,-0.03,0,0.78,4.14,317.38
2015,78,92.93,0.91,0,0.77,1.82,273.81
2015,79,16.85,0.81,14.44,0.77,3.43,87.94
2015,80,92.42,3.05,0.74,0.78,2.8,188.06
2015,81,97.09,1.3,0.01,0.78,3.25,283.56
2015,82,107.82,-1.1,0,0.77,2.91,242.62
2015,83,40.7,0.75,0,0.77,1.72,165.75
2015,84,60.13,3.25,2.05,0.77,1.93,199.62
2015,85,46.3,9.58,10,0.77,3.98,211.5
2015,86,31.92,5.59,5.17,0.78,2.77,326.94
2015,87,82.41,0.8,0.13,0.78,4.12,327.88
2015,88,115.77,0.23,0.01,0.77,2.98,295.06
2015,89,67.99,4.8,0.46,0.77,3.59,246.5
2015,90,68.57,4.17,2.85,0.77,2.67,215
2015,91,118.88,3.87,0,0.77,2.56,331.19
2015,92,112.54,7.45,0,0.77,3.87,211.56
2015,93,36.35,12.22,2.61,0.76,3.63,214
2015,94,117.51,8.58,0.79,0.76,4.88,293.31
2015,95,111.85,7.23,0,0.76,3.78,237.25
2015,96,118.21,9.44,0.03,0.75,2.58,186.62
2015,97,49.71,10.9,4.8,0.75,2.84,151.81
2015,98,34.14,5.15,2.7,0.75,4.87,62.06
2015,99,42.12,4.25,1.63,0.75,3.42,58.25
2015,100,53.38,10.72,4.3,0.75,2.71,205.38
2015,101,121.47,9.4,0,0.75,2.88,306.94
2015,102,125.52,8.41,0,0.74,1.68,257.19
2015,103,112.82,10.69,0.01,0.73,3.23,190.81
2015,104,29.91,12.33,4.93,0.73,2.37,124.06
2015,105,95.6,11.42,0,0.73,2.26,226.81
2015,106,119.16,10.73,0.08,0.73,2.62,122.44
2015,107,76.68,14.55,3.41,0.73,2.73,225
2015,108,124.93,15.61,0.01,0.73,1.45,197.44
2015,109,104.3,9.96,0.19,0.72,3.48,85.06
2015,110,71.2,14.07,32.37,0.75,4.45,155.56
2015,111,118.11,13.19,3.61,0.75,3.12,258
2015,112,105.96,11.44,2.29,0.74,3.54,226.88
2015,113,81.77,6.2,0.03,0.73,3.95,285
2015,114,125.73,4.99,0,0.73,3.72,274.94
2015,115,103.1,6.19,0,0.72,2.23,281.12
2015,116,120.98,9.56,0,0.72,1.59,151.25
2015,117,89.19,9.4,0,0.71,2.89,314.06
2015,118,117.12,11.84,0,0.71,2.68,319.06
2015,119,128.73,14.6,0,0.7,1.92,279.88
2015,120,112.84,11.33,0.16,0.7,2.7,106.81
2015,121,94.7,9.3,0,0.7,2.48,74.31
2015,122,136.97,11.45,0,0.7,1.8,89.06
2015,123,133.22,14.03,0,0.69,1.45,199
2015,124,131.68,16.53,0,0.68,2.74,213.19
2015,125,109.3,18.47,0.23,0.68,2.25,234.5
2015,126,103.29,15.14,0.93,0.68,1.97,101
2015,127,119.68,15.64,0,0.67,1.38,123.12
2015,128,125.34,16.45,0.01,0.66,1.68,195.94
2015,129,95.78,17.15,0.67,0.66,1.77,134
2015,130,109.13,19.27,0.19,0.66,2.4,198.81
2015,131,109.42,20.09,0.94,0.65,2.3,173.69
2015,132,125.55,20.74,0.4,0.65,2.65,258.44
2015,133,122.71,14.9,0,0.64,2.93,318.62
2015,134,145.52,13.58,0,0.63,2.14,150.62
2015,135,120.88,14.39,0.1,0.63,2.52,208.75
2015,136,111.57,18.48,1.08,0.62,2.5,207.5
2015,137,91.57,21.3,4.23,0.63,1.52,252.69
2015,138,90.99,18.63,0.71,0.62,2.39,139.31
2015,139,102.62,19.22,0.93,0.62,1.46,216.38
2015,140,131.7,15.09,0,0.62,2.81,325.31
2015,141,40.84,12.41,5.42,0.62,1.2,142
2015,142,140.5,15.26,0.14,0.62,2.96,291.12
2015,143,152.38,12.71,0,0.61,2.27,286.75
2015,144,140.15,16.15,0,0.6,2.9,214.94
2015,145,139.96,19.19,0,0.59,3.12,206.69
2015,146,142.98,19.98,0.01,0.59,3.56,203.69
2015,147,140.83,20.99,2.3,0.59,3.65,196.94
2015,148,115.23,21.26,0.58,0.59,2.36,211.31
2015,149,145.46,20.65,0.05,0.58,1.62,104.75
2015,150,144.85,21.19,0.16,0.57,3.18,196.75
2015,151,144.16,21.94,5.31,0.56,3.12,195.69
2015,152,96.41,19.74,27.59,0.59,2.39,144.69
2015,153,42.48,13.44,20.1,0.63,3.3,39.31
2015,154,89.52,14.52,3.07,0.63,3.22,71.31
2015,155,74.8,14.28,2.21,0.62,3.62,70.75
2015,156,67.02,15.48,1.8,0.61,2.34,59.56
2015,157,64.8,16.84,5.41,0.62,1.78,152.25
2015,158,140.12,17.13,0.03,0.61,2.01,149.25
2015,159,129.56,19.74,0.41,0.6,4.59,192.31
2015,160,121.58,21.56,10.74,0.6,3.09,233.75
2015,161,136.67,20.96,0,0.59,1.76,188.25
2015,162,124.24,22.66,0.08,0.59,2.72,217.44
2015,163,131.99,24.13,0.38,0.58,2.53,203.88
2015,164,135.15,23.69,0.07,0.57,2.02,220.31
2015,165,134.34,22.71,6.28,0.57,1.59,165.81
2015,166,102.12,24.1,8.99,0.58,1.88,214
2015,167,103.83,23.71,5.63,0.58,1.82,215.19
2015,168,142.77,20.58,0.15,0.58,2.35,164.25
2015,169,56.98,19.6,8.39,0.58,2.47,146.5
2015,170,120.68,23.73,2.53,0.58,1.48,244.5
2015,171,95.82,22.37,4.09,0.57,2.41,117.12
2015,172,116.82,24.95,15.81,0.59,3.2,240
2015,173,144.3,24.51,0.2,0.58,2.04,274.31
2015,174,127.3,25.03,7.47,0.57,3.23,218.94
2015,175,151.8,22.59,0.12,0.57,1.64,322.19
2015,176,114.09,22.06,3.85,0.56,1.45,206.44
2015,177,101.76,21.47,2.32,0.56,1.76,88.25
2015,178,34.21,19.65,42.42,0.58,3.88,111.31
2015,179,128.29,22.54,8.29,0.63,3.11,222.06
2015,180,133.32,20.05,0,0.61,2.7,250.25
2015,181,136.43,22.23,1.07,0.59,2.88,175.5
2015,182,129.48,23.16,9.88,0.59,2.17,235.19
2015,183,29.21,20.85,5.23,0.59,1.34,96.62
2015,184,114.81,21.3,0.01,0.59,1.39,135.44
2015,185,106.88,21.29,0.65,0.58,1.88,88.62
2015,186,127.84,22.33,0.04,0.57,1.24,247.88
2015,187,110.77,23.14,0.94,0.56,1.86,157.19
2015,188,134.62,25.38,1.16,0.56,2.61,201.81
2015,189,95.05,25.26,5.5,0.55,2.04,240
2015,190,106.2,24.28,16.02,0.56,1.84,182.19
2015,191,141.99,23.78,0.29,0.57,2.5,311.44
2015,192,130.7,23.39,0,0.55,1.49,120.25
2015,193,131.52,23.57,0,0.55,1.3,220.62
2015,194,127.35,23.48,0.01,0.54,1.61,183.12
2015,195,96.17,23.77,12.63,0.55,2.08,175.88
2015,196,62.89,23.4,24.17,0.57,1.51,171.5
2015,197,135.35,20.5,0.18,0.59,2.45,78.88
2015,198,143.23,21.08,0.03,0.56,1.91,185.31
2015,199,107.68,23.98,1.93,0.55,2.79,202.25
2015,200,143.77,26.48,0.58,0.55,1.96,223.19
2015,201,131.53,27.3,0.19,0.54,1.9,241.62
2015,202,77.53,26.37,1.01,0.53,1.38,265.19
2015,203,144.38,22.84,0,0.52,2.62,305
2015,204,136.57,22.02,0,0.52,1.51,290.62
2015,205,142.02,22.69,0,0.51,1.07,205.06
2015,206,140.88,23.12,0,0.5,1.3,180.62
2015,207,133.47,23.76,2.68,0.49,2.95,204.25
2015,208,106.77,24.25,5.81,0.5,2.25,194
2015,209,130.6,25.99,1.21,0.5,1.27,227.94
2015,210,126.47,26.05,0.1,0.49,1.94,229.38
2015,211,111.84,25.98,8.89,0.48,3.25,216.44
2015,212,142.96,24.92,0.13,0.49,1.62,281.5
2015,213,125.69,24.66,0.46,0.48,2.52,249.81
2015,214,128.05,23.98,0.02,0.47,1.62,257
2015,215,131.67,25.07,0.28,0.46,3.03,209.88
2015,216,126.37,25.86,2.63,0.46,2.38,245
2015,217,121.66,24.56,0.12,0.45,1.77,289.5
2015,218,110.05,22.76,0.37,0.45,1.16,94.12
2015,219,86.97,22.33,0.75,0.45,3.03,68.62
2015,220,89.39,22.34,0,0.45,2.45,63.06
2015,221,114.63,22.64,0.01,0.44,2.12,70.25
2015,222,89.82,23.04,0.45,0.44,2.09,144.5
2015,223,72.59,23.61,30.12,0.47,3.22,209.38
2015,224,122.16,23.3,0.72,0.48,2.05,302.44
2015,225,127.62,22.46,0.01,0.47,1.53,295.75
2015,226,126.07,23.31,0,0.45,1.52,241.81
2015,227,120.96,24.65,0,0.45,1.97,230.31
2015,228,121.71,25.01,0.22,0.44,2.19,236.88
2015,229,120.87,25.53,0.16,0.43,2.31,231.62
2015,230,113.2,25.09,0.41,0.43,2.19,196.44
2015,231,112.15,25.5,1.13,0.42,2.24,162.94
2015,232,99.11,25.55,10.64,0.42,2.74,144
2015,233,109.06,25.23,10.8,0.45,1.38,193.44
2015,234,127.3,23.16,0.04,0.45,2.2,27.12
2015,235,105.42,22.32,0.58,0.44,1.47,73.25
2015,236,113.52,24,0.13,0.43,1.57,227.38
2015,237,98.96,25.08,0.45,0.43,2.27,227.38
2015,238,119.09,22.06,0,0.42,2.05,297.69
2015,239,99.78,21.73,0,0.41,1.52,303.94
2015,240,114.99,21.84,0,0.41,1.34,215.06
2015,241,112.3,23,0,0.41,1.93,232.19
2015,242,96.63,24.64,0,0.41,2.48,224.31
2015,243,85.85,25.9,0.34,0.4,2.48,239.69
2015,244,105.05,25.27,0,0.4,1.66,172.44
2015,245,83.56,25.44,0.02,0.39,1.52,197.38
2015,246,97.78,26.03,0.07,0.39,1.39,219.06
2015,247,85.84,24.63,0.39,0.39,2.89,105
2015,248,110.97,22.05,0.04,0.39,2.71,72.69
2015,249,116.66,22.05,0,0.38,1.66,104.56
2015,250,113.55,23.9,0.01,0.38,2.26,226.69
2015,251,114.87,25.45,0.01,0.38,2.55,220.5
2015,252,105.72,26.51,4.24,0.38,2.52,204.56
2015,253,39.59,24.15,20.74,0.41,1.54,150.69
2015,254,58.62,22.45,1.62,0.42,2.14,207.31
2015,255,51.25,22.26,3.45,0.41,2.44,174.44
2015,256,74.67,19.58,0.58,0.41,2.76,270.5
2015,257,114.18,18.1,0,0.41,3.27,282.81
2015,258,113.64,20.24,0,0.41,1.51,271.19
2015,259,107.01,21.63,0,0.4,1.25,257.88
2015,260,96.63,22,0,0.39,1.53,239.25
2015,261,103.52,21.69,0.01,0.39,1.54,214.12
2015,262,95.73,22.37,0.01,0.38,1.84,194.75
2015,263,77.93,21.8,0.03,0.38,2.84,100.19
2015,264,66.26,18.34,0,0.38,3.53,55
2015,265,60.36,19.3,0.03,0.38,3.27,51.62
2015,266,98.69,19.29,0,0.38,2.48,59.81
2015,267,91.16,19.39,0,0.38,2.44,54.94
2015,268,80.39,19.41,0,0.38,3.45,70.25
2015,269,60.09,17.98,0,0.38,3.86,69.12
2015,270,63.27,17.93,0,0.38,2.95,70.31
2015,271,78.34,21.04,0.04,0.38,1.65,111.44
2015,272,75.16,22.71,7.42,0.38,2.27,142.25
2015,273,42.34,21.83,32.76,0.45,3.64,150.75
2015,274,21.07,14.54,14.76,0.45,5.11,32.56
2015,275,21.98,12,39.26,0.49,6.59,38.69
2015,276,27.78,13.12,10.1,0.52,6.71,52.25
2015,277,45.46,14.4,0.29,0.5,5.58,54
2015,278,58.37,13.96,0.05,0.48,3.45,36.12
2015,279,91.94,15.87,0,0.48,1.38,183.06
2015,280,74.35,16.96,0,0.46,1.54,228.06
2015,281,73.29,16.25,0.03,0.46,1.57,135.75
2015,282,69.55,19.16,9.38,0.46,3.14,222.12
2015,283,81.97,13.3,0.05,0.47,2.52,129.31
2015,284,87.78,13.12,0,0.46,1.27,255.06
2015,285,88.2,15.09,0,0.45,1.81,215
2015,286,72.34,18.14,0.59,0.45,2.4,220.06
2015,287,64.4,15.37,0.04,0.45,2.62,277.62
2015,288,81.11,12.94,0.02,0.45,2.25,289.5
2015,289,75.19,13.2,0.01,0.45,2.75,272.88
2015,290,64.28,9.26,0.01,0.44,3.05,305.38
2015,291,67.76,5.96,0.03,0.44,2.84,333.12
2015,292,80.55,5.96,0,0.44,2.3,289.25
2015,293,75.02,12.66,0,0.44,3.68,230.75
2015,294,72.07,14.39,0,0.44,1.99,218.69
2015,295,71.75,15.92,0.03,0.43,2.76,222.44
2015,296,76.85,12.37,0,0.43,3.04,200.38
2015,297,61.57,10.58,0.01,0.43,1.95,107.56
2015,298,32.83,14.27,0.8,0.43,2.8,240.56
2015,299,56.59,10.03,0,0.43,2.52,34.38
2015,300,42.07,10.91,0.01,0.43,2.55,88.88
2015,301,22.79,17.18,25.43,0.45,5.52,128.88
2015,302,58.38,17.39,5.72,0.48,3.45,249.56
2015,303,70.26,10.16,0,0.47,2.62,282.44
2015,304,62.51,8.45,0,0.47,1.53,136.12
2015,305,32.29,13.9,0.01,0.46,2.97,231.81
2015,306,23.48,12.88,0,0.46,1.13,309.75
2015,307,66.07,13.98,0,0.45,1.21,286.19
2015,308,66.47,14.68,0.01,0.45,1.48,125.56
2015,309,32.3,16.81,0.39,0.45,2,196.5
2015,310,31.41,18.9,0.26,0.45,3.02,217.94
2015,311,12.2,15.48,1.48,0.45,2,295.19
2015,312,62.24,9.72,0,0.45,2.22,304.44
2015,313,45.68,10.17,0.1,0.45,1.17,186.31
2015,314,19.34,14.34,29.05,0.48,3.88,64.38
2015,315,25.62,12.05,2.92,0.5,3.12,248.06
2015,316,16.84,12.35,2.22,0.49,2.95,176.62
2015,317,56.86,10.32,0.01,0.48,4.41,273.38
2015,318,52.58,6.51,0,0.48,3.9,295.88
2015,319,58.47,7.51,0,0.48,2.95,266.56
2015,320,58.01,11.05,0,0.47,2.13,253.25
2015,321,45.69,8.44,0,0.47,3.23,73.25
2015,322,40.26,11.59,0.02,0.47,2.99,127.94
2015,323,18.51,15.55,21.19,0.48,3.77,159.56
2015,324,56.59,10.16,1.84,0.51,3.15,314.62
2015,325,47.35,7.34,0.01,0.5,2.7,93.69
2015,326,11.24,8.05,0.29,0.49,3.12,299.88
2015,327,50.34,2.16,0,0.48,3.67,324.38
2015,328,49.83,2.99,0,0.48,1.91,288.38
2015,329,49.25,4.51,0,0.48,1.62,61.31
2015,330,50.86,9.24,0,0.48,1.63,147.62
2015,331,45.13,11.21,0.02,0.48,1.93,211.38
2015,332,23.48,11.19,0.35,0.48,1.87,190.94
2015,333,16.23,5.83,2.33,0.48,3.08,17.94
2015,334,26.3,6.43,1.03,0.48,3.12,67.88
2015,335,12.14,10.97,17.5,0.5,3.25,110.69
2015,336,12.78,11.8,3.96,0.52,2.12,215.25
2015,337,45.76,7.58,0.2,0.52,3.91,286.88
2015,338,48.24,5.39,0,0.51,2.09,291.25
2015,339,45.05,5.37,0,0.5,1.26,142.75
2015,340,47.88,5.26,0,0.5,1.59,245.06
2015,341,39.99,6.22,0,0.5,1.75,264.75
2015,342,46.05,5.71,0,0.5,1.98,258.25
2015,343,35.59,7.9,0.07,0.5,2.23,194.5
2015,344,45.57,10.04,0.07,0.49,1.52,223.38
2015,345,34.32,10.63,0.01,0.49,1.98,218.94
2015,346,40.44,12.4,0.02,0.49,1.48,222.25
2015,347,34.95,13.19,0.07,0.49,1.08,192.25
2015,348,28.78,13.73,5.61,0.49,3.2,194.69
2015,349,43.22,12.41,1.83,0.51,4.09,279.94
2015,350,24.64,8.38,0.09,0.5,2.01,142.44
2015,351,6.7,10.81,28.72,0.52,1.85,181.25
2015,352,15.02,7.15,2.18,0.55,3.07,305.06
2015,353,41.72,2,0.1,0.54,4.92,276.88
2015,354,46.26,1.1,0,0.53,2.41,268
2015,355,30.31,7.58,0.01,0.52,3.75,214.88
2015,356,11.94,11.98,5.3,0.53,2.63,220.19
2015,357,10.39,13.19,21.43,0.55,2.77,149.44
2015,358,11.28,17.09,8.23,0.57,3.47,212.94
2015,359,18.23,14.69,9.41,0.57,0.77,110.69
2015,360,16.79,10.98,3.15,0.58,3.67,60.25
2015,361,25.37,12.93,3.01,0.57,3.48,240.44
2015,362,23.84,5.23,2,0.57,4.74,118.25
2015,363,17.94,9.94,21.5,0.59,3.41,215.88
2015,364,17.02,8.49,7.57,0.59,1.86,92.31
