v,s
0.229295833333,0.145711111111
0.157291666667,0.0635814977974
-0.269691666667,0.0632577777778
0.0618708333333,0.0642321428571
0.0726875,0.0551017699115
0.0093625,0.0416447368421
-0.0224375,0.0511189427313
-0.0170291666667,0.0589730941704
0.013725,0.05772
0.0335416666667,0.0628333333333
-0.0244458333333,0.0293232758621
-0.0730708333333,0.00618333333333
-0.0184583333333,0.00735
0.0668958333333,0.031991416309
-0.00683333333333,0.055668161435
-0.0841625,0.0475113122172
0.225566666667,0.101508928571
0.389170833333,0.219699115044
0.368666666667,0.141026315789
0.166029166667,0.0628798283262
0.162675,0.0835859030837
0.312245833333,0.163279475983
0.309891666667,0.201519823789
0.140183333333,0.16068722467
0.259008333333,0.257834061135
0.0470958333333,0.258548076923
-0.03545,0.116477876106
0.00815833333333,0.0851733333333
-0.2833125,0.0404380530973
-0.225708333333,0.042092920354
0.128766666667,0.124086956522
-0.150891666667,0.0758416666667
-0.0674625,0.0613541666667
0.0758333333333,0.077925
-0.0468125,0.0568333333333
-0.0136291666667,0.0772166666667
0.5369125,0.241041666667
0.2285125,0.155816666667
-0.122275,0.0644666666667
-0.0869208333333,0.0387333333333
0.47545,0.1574375
0.386995833333,0.133045833333
0.274233333333,0.083975
0.19105,0.0669666666667
-0.0391125,0.06735
-0.062975,0.063525
0.070825,0.0861791666667
-0.001475,0.0776333333333
-0.0299833333333,0.0465041666667
-0.176133333333,0.0480416666667
-0.0483458333333,0.0379583333333
-0.0947291666667,0.0303666666667
0.0966708333333,0.0371583333333
0.39225,0.180475
0.364925,0.183458333333
0.299320833333,0.1184125
0.0426583333333,0.1278625
0.243266666667,0.13245
0.2588625,0.113516666667
0.0508125,0.0566791666667
0.265270833333,0.0815375
0.4997125,0.2024875
0.3761,0.1593125
0.3285625,0.123941666667
0.224116666667,0.125204166667
0.0692875,0.0998958333333
0.0862625,0.074225
0.0531291666667,0.0518833333333
0.0960916666667,0.0462708333333
0.111945833333,0.0582416666667
0.307070833333,0.0976458333333
0.7622625,0.282354166667
0.454666666667,0.285320833333
0.437325,0.204908333333
0.4818,0.195754166667
0.1868375,0.1512875
0.0688625,0.125579166667
0.115625,0.0930541666667
0.0718791666667,0.0859416666667
0.0243583333333,0.0785166666667
0.137491666667,0.0842458333333
0.164920833333,0.182141666667
-0.0198583333333,0.0910708333333
0.0700958333333,0.0838625
0.233529166667,0.114883333333
0.323729166667,0.1512875
0.248716666667,0.131733333333
0.2988,0.213629166667
0.296329166667,0.267308333333
0.253083333333,0.160020833333
0.1795375,0.109633333333
0.152870833333,0.085875
0.0746125,0.0794666666667
0.0485958333333,0.0789625
0.0596041666667,0.07465
0.0979041666667,0.0676875
0.0827541666667,0.0978708333333
0.0877333333333,0.126875
0.145145833333,0.126054166667
-0.03505,0.0973958333333
-0.1198125,0.0522958333333
0.0143916666667,0.04875
0.0252666666667,0.0512791666667
-0.0377125,0.0572041666667
-0.0298,0.0574166666667
0.241070833333,0.0786125
0.25805,0.106975
0.14235,0.0924916666667
0.107045833333,0.0617541666667
0.0697416666667,0.0608541666667
0.102516666667,0.06355
0.169166666667,0.0727458333333
0.129133333333,0.0895583333333
0.157570833333,0.0854958333333
0.3012875,0.135175
0.485570833333,0.1838125
0.424175,0.12455
0.165045833333,0.0681708333333
0.0254541666667,0.0434666666667
0.1048875,0.0510625
0.120020833333,0.0817958333333
0.0925208333333,0.0885375
0.0165875,0.119191666667
0.0665708333333,0.102766666667
0.0381541666667,0.0811083333333
0.0265125,0.0772666666667
0.00450416666667,0.063125
0.0314458333333,0.0973
-0.181066666667,0.0538208333333
-0.0750125,0.0374166666667
0.0213416666667,0.0372291666667
0.105866666667,0.110091666667
0.0269583333333,0.0977458333333
-0.0552083333333,0.0755333333333
0.0425458333333,0.0729125
0.0326875,0.0692333333333
0.0067125,0.0602666666667
0.272554166667,0.162079166667
0.2016,0.151204166667
0.0949791666667,0.0962208333333
0.0522,0.0888791666667
0.120791666667,0.08395
0.1529875,0.110633333333
0.10435,0.126883333333
0.0908958333333,0.192095833333
0.127941666667,0.218795833333
0.306416666667,0.150945833333
0.170125,0.1169
0.148983333333,0.0989166666667
0.120191666667,0.0940291666667
0.1247375,0.0674208333333
0.0600791666667,0.0932833333333
0.1206375,0.0858375
0.177720833333,0.0955041666667
0.132595833333,0.0978083333333
0.1529,0.0836541666667
0.125191666667,0.0964333333333
0.0996708333333,0.0833791666667
0.0856458333333,0.062725
0.109204166667,0.0668916666667
0.222491666667,0.122279166667
0.174033333333,0.094575
0.136425,0.0872583333333
0.186916666667,0.0984291666667
0.212004166667,0.0909708333333
0.154141666667,0.0738916666667
0.081325,0.0662458333333
0.1178875,0.0763291666667
0.134166666667,0.062075
0.0794791666667,0.0522708333333
0.0971208333333,0.0612166666667
0.1150875,0.060325
0.159358333333,0.0917208333333
0.143108333333,0.0854083333333
0.111295833333,0.0890916666667
0.104666666667,0.0907458333333
0.121995833333,0.0914166666667
0.162604166667,0.0925666666667
0.110633333333,0.118475
0.0957041666667,0.1396125
0.076925,0.101316666667
0.001175,0.0750041666667
0.00262916666667,0.0622791666667
0.0143708333333,0.0504458333333
0.0114875,0.0705666666667
0.0666041666667,0.0734958333333
0.128804166667,0.0716875
0.1185625,0.0735958333333
0.1439875,0.0810166666667
0.168429166667,0.1473125
0.205604166667,0.143770833333
0.224529166667,0.149716666667
0.185095833333,0.1128375
0.180933333333,0.113245833333
0.163716666667,0.163016666667
0.2358875,0.1377875
0.156683333333,0.116904166667
0.12935,0.122258333333
0.121425,0.114029166667
0.145745833333,0.1154375
0.138720833333,0.126029166667
0.153254166667,0.100866666667
0.0948583333333,0.101058333333
0.10775,0.101679166667
0.1256875,0.109329166667
0.154729166667,0.105475
0.0784,0.0789833333333
0.0293708333333,0.0668541666667
0.0388291666667,0.0772375
0.01055,0.105645833333
0.139825,0.0754208333333
0.123254166667,0.0678875
0.13455,0.0688166666667
0.1155625,0.0861583333333
0.0658041666667,0.101075
0.0439708333333,0.0945958333333
0.0870291666667,0.0957666666667
0.122145833333,0.106033333333
0.1591,0.1343625
0.137995833333,0.147504166667
0.129858333333,0.109479166667
0.1368125,0.0775291666667
0.221220833333,0.0678375
0.310783333333,0.0847166666667
0.3271375,0.156154166667
0.210541666667,0.151791666667
0.171291666667,0.1294125
0.137670833333,0.125204166667
0.105904166667,0.101141666667
0.140095833333,0.090275
0.204583333333,0.07585
0.208583333333,0.0685875
0.255025,0.0736
0.276804166667,0.103229166667
0.4990375,0.150783333333
0.5739125,0.174541666667
0.388970833333,0.118941666667
0.2400875,0.1053
0.166345833333,0.0889708333333
0.155254166667,0.1301
0.115358333333,0.157429166667
0.132579166667,0.1133875
0.166366666667,0.10475
0.146325,0.168
0.1238625,0.2749625
0.365254166667,0.312816666667
0.200395833333,0.2087
0.028425,0.129466666667
0.200620833333,0.0896291666667
0.0951833333333,0.0982958333333
0.0811666666667,0.0959291666667
0.1779375,0.0563458333333
0.204441666667,0.0671541666667
0.210166666667,0.07705
0.253820833333,0.0810166666667
0.282775,0.0825541666667
0.241608333333,0.0735125
0.1696375,0.0711791666667
0.185554166667,0.148083333333
0.0769125,0.197008333333
0.218779166667,0.218391666667
0.188054166667,0.3183625
0.27005,0.292483333333
0.279016666667,0.1590875
0.00464583333333,0.136425
0.139608333333,0.103220833333
0.179654166667,0.0891333333333
0.0661041666667,0.116933333333
0.247829166667,0.0957
0.3572,0.124491666667
0.237404166667,0.203820833333
0.197908333333,0.183666666667
0.295508333333,0.206025
0.252695833333,0.275470833333
0.208,0.173533333333
0.436641666667,0.1951625
0.667420833333,0.235104166667
0.3494625,0.157404166667
0.266508333333,0.125775
0.155408333333,0.09065
0.100995833333,0.0900708333333
0.16865,0.103079166667
0.253691666667,0.1104375
0.173466666667,0.0930208333333
0.262758333333,0.0765208333333
0.279970833333,0.0659333333333
0.304641666667,0.0575
0.120141666667,0.0564416666667
0.00609166666667,0.0481666666667
0.200666666667,0.0475291666667
0.145654166667,0.0460291666667
0.175566666667,0.0429625
0.2202875,0.068375
0.183220833333,0.0816166666667
0.02855,0.0617916666667
-0.185858333333,0.0624916666667
0.0926791666667,0.0823
0.1328625,0.114675
0.0967833333333,0.166225
0.0482958333333,0.182408333333
0.0472541666667,0.161704166667
0.0341833333333,0.0774458333333
-0.0558958333333,0.0920041666667
-0.155983333333,0.1168625
0.0748708333333,0.0670291666667
0.0865416666667,0.0695875
0.153183333333,0.0896833333333
0.419633333333,0.193441666667
0.282433333333,0.2794875
0.1343,0.236245833333
0.150625,0.155233333333
0.0660791666667,0.073775
0.3037,0.0964541666667
0.433233333333,0.147704166667
0.586552083333,0.19153125
,
,
,
,
0.210764285714,0.128492857143
0.0811833333333,0.184295833333
-0.1952875,0.08535
0.03155,0.0546541666667
-0.0427208333333,0.0838875
0.0385458333333,0.0550541666667
0.167316666667,0.0617333333333
0.111208333333,0.0752291666667
0.00639166666667,0.0400291666667
0.1450625,0.0503958333333
0.259754166667,0.130804166667
0.00200833333333,0.0648333333333
0.0132416666667,0.0446125
0.0302041666667,0.0562916666667
0.137829166667,0.117095833333
0.218475,0.235954166667
0.0588416666667,0.115770833333
0.191695833333,0.0825416666667
0.169229166667,0.0730333333333
0.1905875,0.0718375
-0.0734625,0.0849583333333
-0.188729166667,0.0656458333333
-0.0640958333333,0.0640875
-0.129641666667,0.0715166666667
0.0061625,0.0647333333333
0.0566458333333,0.064025
0.28045,0.227579166667
0.200516666667,0.266866666667
0.007225,0.1322875
-0.0797916666667,0.0931208333333
0.0068125,0.0447375
0.0721708333333,0.0184083333333
0.175920634921,0.0783968253968
,
,
,
0.278242718447,0.0467475728155
0.163458333333,0.0462333333333
0.351783333333,0.0646166666667
0.221,0.0755625
0.4044875,0.103770833333
0.05905,0.0946
-0.256920833333,0.0528708333333
-0.0731375,0.0419791666667
0.0690041666667,0.0279708333333
-0.0801083333333,0.01965
0.0401333333333,0.0143666666667
0.0515291666667,0.0
-0.0327875,0.0106583333333
-0.0374958333333,0.0582916666667
-0.0481291666667,0.0481666666667
0.205879166667,0.05165
0.330441666667,0.0521666666667
0.3056625,0.0873375
-0.0922958333333,0.0630541666667
-0.216645833333,0.0508458333333
0.062725,0.0482916666667
-0.127254166667,0.074275
-0.2546375,0.0491458333333
0.00432083333333,0.0564791666667
-0.0310375,0.0872208333333
-0.0855541666667,0.0779666666667
0.0284958333333,0.0865958333333
0.282233333333,0.244125
0.153420833333,0.197858333333
0.0584458333333,0.07785
0.072775,0.059
-0.0374,0.0630208333333
-0.0784416666667,0.04485
-0.0772875,0.0572791666667
-0.121716666667,0.0831083333333
0.270375,0.181354166667
0.224941666667,0.203004166667
0.0466375,0.1045625
0.0962875,0.0704875
0.0839708333333,0.0695875
0.0224208333333,0.0562166666667
0.1826125,0.111833333333
0.197054166667,0.173558333333
-0.0685041666667,0.0914833333333
-0.0144791666667,0.0603
-0.00600416666667,0.102233333333
-0.208995833333,0.116095833333
0.021725,0.0818416666667
-0.0331291666667,0.0575625
-0.371745833333,0.0565666666667
-0.137875,0.0542041666667
-0.0232333333333,0.0621416666667
-0.141133333333,0.0629708333333
-0.1864125,0.08755
-0.163045833333,0.1264375
-0.140125,0.0656916666667
-0.0515916666667,0.0761875
-0.0261708333333,0.0808291666667
0.0659791666667,0.110991666667
-0.1484125,0.0775583333333
-0.0317041666667,0.0525083333333
0.287895833333,0.101604166667
0.142954166667,0.113108333333
0.0460666666667,0.0898416666667
0.0974416666667,0.0720958333333
0.0306541666667,0.185358333333
-0.120129166667,0.126766666667
0.1185375,0.0947416666667
0.245566666667,0.153220833333
0.06635,0.0904791666667
-0.0190541666667,0.0896458333333
-0.0473833333333,0.0630083333333
0.0105,0.0667833333333
0.0596916666667,0.117516666667
0.1105625,0.173945833333
-0.04235,0.248929166667
-0.0072375,0.122004166667
0.178758333333,0.1528
0.394691666667,0.210558333333
0.25885,0.243858333333
-0.0148666666667,0.163408333333
-0.0495708333333,0.141254166667
-0.0786916666667,0.10005
0.0278,0.0911083333333
0.0532375,0.120879166667
-0.0245291666667,0.1361375
-0.000895833333333,0.0890125
-0.00201666666667,0.0648208333333
0.0338416666667,0.061825
0.0492541666667,0.1205125
0.0783791666667,0.0451333333333
0.291016666667,0.0489708333333
0.3418125,0.1557
0.1581375,0.107716666667
0.0293416666667,0.0804125
-0.0347708333333,0.0578
-0.161858333333,0.0371875
-0.0228541666667,0.0358291666667
-0.00879583333333,0.0352625
0.311070833333,0.1585625
0.3675125,0.176233333333
0.002875,0.0789708333333
-0.077025,0.0554166666667
0.1359125,0.154991666667
-0.0534083333333,0.206920833333
-0.170866666667,0.108070833333
0.0861291666667,0.102670833333
0.08055,0.0919125
0.11775,0.148779166667
0.0496208333333,0.1458625
0.0118166666667,0.137604166667
-0.00617083333333,0.1789125
0.2649625,0.168304166667
0.123354166667,0.116233333333
0.118433333333,0.113520833333
0.449025,0.180170833333
0.185258333333,0.2461875
0.0390458333333,0.1383625
0.0639833333333,0.103929166667
0.137191666667,0.11785
0.0187166666667,0.107479166667
-0.0200791666667,0.0800208333333
0.072,0.1237375
-0.0529291666667,0.142541666667
0.057225,0.1219375
0.0596333333333,0.115783333333
0.0395833333333,0.132295833333
0.0640458333333,0.2058875
0.0901458333333,0.184679166667
0.0768791666667,0.118020833333
0.0921125,0.0948708333333
0.10945,0.0859625
0.200970833333,0.0903708333333
0.090825,0.0910833333333
0.0269041666667,0.0602958333333
0.0640083333333,0.069825
0.0955791666667,0.0817166666667
0.1318375,0.0728875
0.177770833333,0.05895
0.369208333333,0.112029166667
0.343266666667,0.108966666667
0.391058333333,0.114870833333
0.258133333333,0.101970833333
0.299845833333,0.0896333333333
0.31525,0.0926458333333
0.318995833333,0.1008625
0.368333333333,0.136870833333
0.320758333333,0.160595833333
0.216341666667,0.13755
0.169133333333,0.093425
0.1891,0.0684625
0.2447375,0.0676833333333
0.2643375,0.0984291666667
0.126770833333,0.1043875
0.1977625,0.0927833333333
0.204125,0.0718875
0.125091666667,0.0856416666667
0.0971625,0.0866541666667
0.0793416666667,0.0868291666667
0.0463083333333,0.0848291666667
0.0943,0.0897291666667
0.0577916666667,0.0863666666667
0.0107583333333,0.0741
0.0317458333333,0.0501
0.111,0.0391666666667
0.148104166667,0.0416833333333
0.130270833333,0.0471958333333
0.134079166667,0.05645
0.116908333333,0.0571875
0.154175,0.0566666666667
0.160133333333,0.0553666666667
0.246825,0.0605833333333
0.295804166667,0.0755083333333
0.3045125,0.0721333333333
0.333783333333,0.0645041666667
0.308854166667,0.0500166666667
0.2717,0.0515125
0.211745833333,0.0973041666667
0.225691666667,0.0829125
0.266304166667,0.0628083333333
0.2029,0.06315
0.145691666667,0.0701416666667
0.177383333333,0.0710166666667
0.241066666667,0.0672666666667
0.298316666667,0.068
0.3244875,0.0723208333333
0.2565125,0.0687708333333
0.2179875,0.0619041666667
0.247066666667,0.0585666666667
0.2357375,0.0639208333333
0.182008333333,0.0536041666667
0.185541666667,0.0589416666667
0.1748,0.0563208333333
0.182079166667,0.054475
0.183120833333,0.0623166666667
0.148066666667,0.0629916666667
0.111270833333,0.0547791666667
0.0748541666667,0.0512875
0.156204166667,0.0444
0.189725,0.0509208333333
0.1729625,0.04015
0.138658333333,0.0331666666667
0.163204166667,0.0397958333333
0.2085125,0.0367666666667
0.306166666667,0.0370375
0.229929166667,0.0408791666667
0.154566666667,0.046075
0.049625,0.0469083333333
-0.0336541666667,0.0426833333333
0.100104166667,0.0541416666667
0.212858333333,0.0531083333333
0.0915291666667,0.0681708333333
0.0197125,0.0715583333333
0.140025,0.0650416666667
0.194825,0.04945
0.2782625,0.0580375
0.279120833333,0.0911291666667
0.241370833333,0.0904541666667
0.220808333333,0.0749708333333
0.234270833333,0.0727208333333
0.2247125,0.0580666666667
0.208970833333,0.0556625
0.151675,0.0642083333333
0.179475,0.074375
0.2594125,0.0837333333333
0.292479166667,0.127925
0.200941666667,0.129975
0.165591666667,0.121116666667
0.1820375,0.130470833333
0.283854166667,0.121854166667
0.3458,0.125291666667
0.281379166667,0.103020833333
0.268395833333,0.0859708333333
0.193520833333,0.0723083333333
0.1538,0.0694708333333
0.217125,0.122070833333
0.310616666667,0.106075
0.257195833333,0.0872875
0.147283333333,0.083
0.1295375,0.0924875
0.156025,0.0847583333333
0.177641666667,0.0944375
0.1448375,0.115308333333
0.132933333333,0.0999875
0.135979166667,0.0631541666667
0.0930708333333,0.0875625
0.0691458333333,0.151883333333
0.0946375,0.175954166667
0.400570833333,0.268825
0.209975,0.268525
0.0296333333333,0.1592125
0.152620833333,0.1275375
0.137966666667,0.1065375
0.181420833333,0.1062875
0.251275,0.123645833333
0.162195833333,0.129533333333
0.104366666667,0.108404166667
0.1235125,0.1480125
0.215808333333,0.188641666667
0.283,0.275020833333
0.265295833333,0.305141666667
0.2922,0.2322625
0.2860875,0.131720833333
0.370704166667,0.1148
0.272775,0.1171875
0.216125,0.117108786611
0.1945375,0.175920833333
0.173745833333,0.159516666667
0.190991666667,0.164675
0.173275,0.133795833333
0.3350625,0.176916666667
0.336579166667,0.164341666667
0.206825,0.119345833333
0.18505,0.0933833333333
0.187275,0.090525
0.182683333333,0.0825208333333
0.146183333333,0.130858333333
0.174495833333,0.126745833333
0.210729166667,0.144016666667
0.261833333333,0.126120833333
0.3575375,0.101188284519
0.304841666667,0.1080625
0.225308333333,0.110108333333
0.3111375,0.0840708333333
0.199654166667,0.174183333333
0.1846125,0.1282375
0.190883333333,0.0892458333333
0.256341666667,0.0667875
0.215975,0.0944333333333
0.215795833333,0.0969041666667
0.0903333333333,0.0765291666667
0.0497958333333,0.066825
0.208875,0.0682166666667
0.312454166667,0.0870041666667
0.506679166667,0.164175
0.502195833333,0.154966666667
0.417579166667,0.137991631799
-0.000466666666667,0.146825
-0.0547708333333,0.105
0.0896958333333,0.114541666667
0.221541666667,0.0690769230769
0.4764125,0.161350877193
0.0589875,0.256707423581
-0.092575,0.154012987013
0.0734666666667,0.0785641025641
0.1839625,0.0547400881057
0.2183875,0.0659779735683
0.106441666667,0.0501928251121
0.145825,0.0896608695652
0.2718875,0.104915929204
0.301629166667,0.111283842795
0.5065,0.189692982456
0.194658333333,0.108610619469
0.15735,0.0739141630901
0.327704166667,0.153883333333
0.292633333333,0.159270833333
0.114345833333,0.145445833333
0.206095833333,0.1392625
0.339475,0.148275
0.13805,0.118104166667
-0.0711708333333,0.12155
0.0870458333333,0.147870833333
0.18295,0.177825
0.2896125,0.172029166667
0.0435541666667,0.1133125
-0.215216666667,0.0994083333333
-0.117575,0.145166666667
-0.0104833333333,0.159245833333
-0.0554875,0.147479166667
0.135158333333,0.108458333333
0.1162,0.0884291666667
-0.0882083333333,0.0460708333333
-0.161775,0.0851916666667
-0.194033333333,0.0952708333333
-0.0002375,0.0770958333333
0.2614625,0.146658333333
0.207966666667,0.169179166667
0.2639625,0.108354166667
0.1112875,0.0705208333333
0.0192041666667,0.0698583333333
0.1149,0.0912958333333
0.0854208333333,0.083575
0.140091666667,0.138404166667
0.056225,0.192341666667
0.0592916666667,0.0677708333333
0.0857125,0.0837208333333
0.0837708333333,0.116645833333
0.08135,0.0996958333333
0.041675,0.110575
0.0657416666667,0.131854166667
0.141545833333,0.1569625
-0.1381,0.108608333333
-0.0132916666667,0.0949833333333
0.0515375,0.061875
0.0629916666667,0.0514375
0.0016375,0.0641
0.00974166666667,0.0876833333333
0.1716375,0.10415
0.1096375,0.157108333333
-0.158879166667,0.121429166667
0.0185125,0.0816208333333
0.117925,0.0629916666667
0.0573625,0.103441666667
-0.114516666667,0.1090375
0.127645833333,0.132533333333
-0.0422083333333,0.13585
0.192233333333,0.127525
0.102970833333,0.06545
0.106483333333,0.0760166666667
0.0166875,0.0471791666667
0.224425,0.118345833333
-0.0767,0.199170833333
-0.2095375,0.08785
-0.136004166667,0.0780666666667
0.0769333333333,0.110104166667
0.0711416666667,0.0773375
-0.147125,0.0876833333333
-0.0812833333333,0.0425166666667
0.0220625,0.0511
-0.0296791666667,0.0842541666667
-0.0233291666667,0.0817708333333
0.0571916666667,0.1294125
0.0165041666667,0.0735791666667
0.00605,0.0559958333333
-0.0111083333333,0.043125
0.090125,0.0501708333333
0.401275,0.225275
-0.0964916666667,0.192495833333
-0.473795833333,0.0734208333333
-0.2322375,0.0419666666667
-0.0581083333333,0.0703583333333
-0.3091125,0.162945833333
-0.157154166667,0.103220833333
0.124983333333,0.08235
-0.0225916666667,0.0948291666667
0.227908333333,0.101391666667
0.254033333333,0.1431625
0.2087375,0.128329166667
0.0374041666667,0.103345833333
-0.072,0.064675
0.0167833333333,0.0511875
0.0703875,0.1394125
-0.1048375,0.104395833333
-0.270379166667,0.0638916666667
-0.333954166667,0.0581333333333
-0.154770833333,0.0979583333333
-0.0490833333333,0.0978625
0.0624375,0.0688791666667
0.103304166667,0.0593
0.02,0.0842458333333
0.200383333333,0.115325
-0.0150041666667,0.0814875
-0.07725,0.0573125
0.194883333333,0.053625
0.0860541666667,0.0592625
0.0336958333333,0.0654125
0.166558333333,0.0707541666667
0.00512916666667,0.0584875
-0.2492375,0.0515833333333
-0.105570833333,0.0586541666667
0.0556166666667,0.057475
0.0186708333333,0.0515125
0.0590875,0.0598166666667
-0.0314708333333,0.0623791666667
0.04345,0.0519875
0.141770833333,0.122308333333
0.082725,0.135375
0.0877166666667,0.127720833333
0.100075,0.1259125
0.321058333333,0.148354166667
-0.467820833333,0.106329166667
-0.530870833333,0.0410125
-0.145720833333,0.0717916666667
-0.181779166667,0.0535625
0.0683125,0.0684833333333
0.318645833333,0.147645833333
0.341866666667,0.1385875
0.300433333333,0.167470833333
0.08335,0.104504166667
-0.0237666666667,0.1404
-0.058075,0.0768166666667
-0.2059,0.0983583333333
-0.236520833333,0.135208333333
-0.2311875,0.125970833333
-0.129958333333,0.0682125
-0.1624375,0.0767791666667
-0.2226125,0.084075
-0.0970083333333,0.105508333333
0.0063,0.0927458333333
0.1308,0.0873458333333
0.139220833333,0.0933
-0.0002875,0.0927375
-0.0285,0.0819708333333
-0.0494125,0.0745166666667
0.0503333333333,0.0850958333333
-0.0913791666667,0.0770125
-0.0410958333333,0.0704791666667
-0.0132541666667,0.06845
0.158033333333,0.0768916666667
0.312295833333,0.1118875
0.166804166667,0.0896791666667
0.140233333333,0.0521833333333
0.121204166667,0.102608333333
0.214879166667,0.0887041666667
0.190841666667,0.0624958333333
0.313441666667,0.110070833333
0.237829166667,0.116758333333
0.273658333333,0.0797291666667
0.210304166667,0.057525
0.324591666667,0.0876541666667
0.262458333333,0.0798375
0.223341666667,0.0636541666667
0.184508333333,0.0504916666667
0.1799625,0.0579708333333
-0.0076625,0.0572
0.0953791666667,0.0659875
0.137529166667,0.0467
0.144170833333,0.0435
0.0559833333333,0.0536
-0.0457916666667,0.0615583333333
-0.00676666666667,0.0984291666667
0.0580083333333,0.120795833333
0.0536708333333,0.0861583333333
0.0788416666667,0.0774916666667
0.0735166666667,0.1127875
0.124858333333,0.0890458333333
0.144308333333,0.0859625
0.2804875,0.126175
0.104091666667,0.2703625
0.0105125,0.196345833333
0.10725,0.12915
0.157308333333,0.103791666667
-0.0633875,0.0904583333333
-0.189116666667,0.05625
-0.1193625,0.0502708333333
-0.00238333333333,0.0503583333333
0.011025,0.120941666667
0.136991666667,0.124220833333
0.11415,0.0958208333333
0.127370833333,0.0968916666667
0.197829166667,0.0763166666667
0.155504166667,0.102841666667
0.0940708333333,0.107295833333
0.0912083333333,0.113883333333
0.0836166666667,0.1425625
0.119841666667,0.139154166667
-0.00207083333333,0.0905083333333
-0.0328833333333,0.08005
-0.0646708333333,0.0886833333333
-0.00429583333333,0.08035
0.102433333333,0.139141666667
0.100391666667,0.164179166667
0.1059125,0.113520833333
0.130820833333,0.115891666667
0.1731875,0.149416666667
0.156941666667,0.146833333333
0.190966666667,0.136383333333
0.188941666667,0.193670833333
0.15205,0.1597625
0.124166666667,0.114304166667
0.1196,0.104720833333
0.00240416666667,0.142804166667
0.0148708333333,0.1330625
0.0559458333333,0.102
0.0747458333333,0.105075
0.159816666667,0.0967916666667
0.206995833333,0.115365546218
0.3142125,0.0996861924686
0.340795833333,0.13429707113
0.275616666667,0.0970717299578
0.4481125,0.0894725738397
0.505016666667,0.130077253219
0.285808333333,0.105008438819
0.188541666667,0.0838865546218
0.182004166667,0.0861166666667
0.174808333333,0.06410041841
0.1742375,0.0551125
0.1967,0.0965916666667
0.175354166667,0.119644351464
0.270579166667,0.144841004184
0.250808333333,0.158911764706
0.207729166667,0.135836134454
0.236375,0.117728033473
0.2880375,0.130619246862
0.203958333333,0.116699152542
0.1596125,0.105344827586
0.1105875,0.0998875
0.1530375,0.0788875
0.211304166667,0.0753012552301
0.1990125,0.0793125
0.152420833333,0.0741166666667
0.148104166667,0.091675
0.197195833333,0.0683041666667
0.145279166667,0.0677447698745
0.139129166667,0.105540084388
0.142966666667,0.11549790795
0.14295,0.0973458333333
0.152425,0.0875375
0.160220833333,0.0842916666667
0.166758333333,0.0640333333333
0.169854166667,0.0809208333333
0.192108333333,0.0807125
0.173808333333,0.08725
0.129516666667,0.0804916666667
0.148291666667,0.0900958333333
0.207025,0.091625
0.114304166667,0.0851708333333
0.087875,0.112858333333
0.1007,0.120041666667
0.0781916666667,0.088325
0.0525625,0.0715083333333
0.0652791666667,0.117558333333
0.123583333333,0.140295833333
0.15505,0.101520833333
0.0949875,0.109579166667
0.1954875,0.132595833333
0.377779166667,0.177141666667
0.294816666667,0.15775
0.146291666667,0.117441666667
0.0846208333333,0.107541666667
0.126395833333,0.111729166667
0.19885,0.0999458333333
0.0851333333333,0.126716666667
0.143870833333,0.118983333333
0.192433333333,0.093275
0.228508333333,0.08555
0.253170833333,0.0729916666667
0.288995833333,0.0859958333333
0.225866666667,0.0926791666667
0.223575,0.106341666667
0.132275,0.118154166667
0.0769125,0.087925
-0.00572916666667,0.114
0.0104166666667,0.104375
0.1174,0.0911458333333
0.1315625,0.0885458333333
0.123308333333,0.0775666666667
0.1425125,0.116820833333
0.0942875,0.1539
0.1346125,0.130695833333
0.1394125,0.1049
0.143120833333,0.08675
0.2097625,0.07525
0.220779166667,0.075775
0.155458333333,0.0736041666667
0.2131375,0.0757083333333
0.223095833333,0.069525
0.243358333333,0.0745791666667
0.1705,0.102716666667
0.153754166667,0.102625
0.1438625,0.1093375
0.13515,0.10715
0.202175,0.134841666667
0.2142625,0.167633333333
0.138704166667,0.146541666667
0.104975,0.128441666667
0.239029166667,0.109916666667
0.175566666667,0.0922875
0.0477541666667,0.0867458333333
0.0921708333333,0.0804458333333
0.244366666667,0.103033333333
0.2327125,0.120583333333
0.158829166667,0.232029166667
0.0245416666667,0.280408333333
0.1625625,0.193025
0.130504166667,0.209275
0.108895833333,0.2292125
0.175933333333,0.189570833333
0.176808333333,0.145404166667
0.143829166667,0.122595833333
0.0966916666667,0.0857958333333
0.0504291666667,0.0822458333333
0.085125,0.0904333333333
0.127716666667,0.1067
0.132141666667,0.162066666667
0.1087875,0.1365
0.0976416666667,0.214191666667
0.0953083333333,0.178716666667
0.191475,0.121775
0.207795833333,0.119429166667
0.154183333333,0.1349625
0.0916333333333,0.130991666667
0.109854166667,0.101166666667
0.0180291666667,0.1097125
-0.0657125,0.133520833333
0.0363458333333,0.0905375
0.188391666667,0.0980625
0.157758333333,0.0947916666667
0.192695833333,0.0761125
0.0265166666667,0.0807875
0.107191666667,0.105779166667
0.13435,0.115733333333
0.14375,0.0984875
0.1969,0.0569041666667
0.143054166667,0.0708041666667
0.174495833333,0.0696041666667
0.184925,0.097575
0.3761875,0.148883333333
0.325891666667,0.132758333333
0.0157125,0.07115
-0.0255666666667,0.073175
0.0847625,0.0714583333333
-0.0559708333333,0.109158333333
0.0280833333333,0.133233333333
0.129416666667,0.13105
0.103079166667,0.271120833333
0.1700875,0.179729166667
0.2540375,0.206458333333
0.1895125,0.171991666667
0.0477541666667,0.1064125
-0.0201125,0.0575791666667
0.0933958333333,0.0577458333333
0.180645833333,0.075475
0.202079166667,0.0789041666667
0.234179166667,0.0965291666667
0.373520833333,0.227116666667
0.637066666667,0.348533333333
1.2357375,0.359658333333
0.4062375,0.264575
0.356679166667,0.176016666667
0.266525,0.120983333333
0.160666666667,0.0863829787234
0.14325,0.055675
0.154429166667,0.041719665272
0.181375,0.04795
0.248566666667,0.0828375
0.681254166667,0.241845833333
0.4959375,0.157091666667
0.0210916666667,0.0600458333333
0.1356375,0.0505732217573
0.00984583333333,0.0598666666667
0.0361458333333,0.0686208333333
0.067075,0.093875
0.16795,0.144891666667
0.247075,0.156329166667
0.205016666667,0.140433333333
0.156204166667,0.147954166667
0.167633333333,0.163610878661
0.2621875,0.200254166667
0.2408125,0.204366666667
0.285954166667,0.176833333333
0.318320833333,0.177370833333
0.207208333333,0.167483333333
0.0386833333333,0.105358333333
-0.129570833333,0.0582458333333
-0.160775,0.06645
0.1182875,0.0692458333333
0.197570833333,0.09715
0.0366708333333,0.0531666666667
-0.0537541666667,0.0599916666667
0.209475,0.0883
0.138304166667,0.106275
-0.00925833333333,0.122841666667
0.0821291666667,0.1092125
-0.00440416666667,0.106358333333
0.0096625,0.0710791666667
0.0949333333333,0.0874083333333
0.13745,0.106470833333
0.158495833333,0.1522625
0.204266666667,0.133129166667
0.067,0.165766666667
0.06205,0.108358333333
0.128920833333,0.114058333333
0.0241833333333,0.1073125
0.0663416666667,0.0893833333333
0.273483333333,0.113425
0.3844375,0.14965
0.3153625,0.153379166667
0.0866125,0.0640375
0.3981,0.08555
0.2594625,0.2993
-0.136054166667,0.1493375
-0.081525,0.0798291666667
0.0420416666667,0.0782916666667
0.0996541666667,0.0689583333333
0.404858333333,0.163508333333
0.243383333333,0.238020833333
0.0556208333333,0.101816666667
0.221258333333,0.0791083333333
-0.0945916666667,0.07405
-0.317366666667,0.0632875
-0.263258333333,0.0811375
-0.0430291666667,0.0614375
-0.191825,0.0498458333333
-0.241025,0.0493375
-0.289420833333,0.0448291666667
-0.0491291666667,0.0582708333333
-0.0669958333333,0.0421458333333
-0.0720458333333,0.0511625
-0.0919083333333,0.0646208333333
-0.1841125,0.0596416666667
0.0663333333333,0.0785416666667
0.2271,0.103416666667
0.1787875,0.132829166667
0.111766666667,0.129191666667
0.110345833333,0.1115125
0.217433333333,0.116095833333
0.0487,0.0929
0.044375,0.0777041666667
-0.201975,0.134620833333
-0.27925,0.1238125
0.000245833333333,0.0586166666667
-0.132516666667,0.0394625
-0.0560166666667,0.0335625
-0.138170833333,0.047075
-0.193033333333,0.04525
-0.052425,0.0467041666667
-0.0904541666667,0.0449208333333
-0.0536833333333,0.0789125
0.0678208333333,0.1029625
0.136466666667,0.15075
-0.322658333333,0.2573625
-0.510670833333,0.113816666667
-0.198608333333,0.06705
0.0169,0.0706083333333
-0.169529166667,0.0416875
-0.0862333333333,0.0892333333333
-0.00570833333333,0.0694375
0.0310083333333,0.0694833333333
0.387833333333,0.231229166667
0.185208333333,0.159591666667
0.1485375,0.0770291666667
0.0264416666667,0.142933333333
-0.0750875,0.1618375
-0.0114125,0.09285
0.101429166667,0.12545
-0.00314166666667,0.0955666666667
0.0841125,0.0899916666667
-0.0418208333333,0.0782958333333
-0.597420833333,0.0510583333333
-0.366941666667,0.1115
-0.271879166667,0.123604166667
-0.3215375,0.0628875
0.0362625,0.0703625
0.224904166667,0.128979166667
0.181629166667,0.189183333333
0.163725,0.106504166667
0.260425,0.169591666667
0.276695833333,0.303233333333
0.214729166667,0.207691666667
0.1934875,0.0944666666667
0.1772,0.0735458333333
0.0640375,0.0518833333333
-0.0363833333333,0.0419375
0.0691375,0.0470125
0.618841666667,0.23155
0.620579166667,0.266658333333
0.571275,0.187304166667
0.660504166667,0.212258333333
0.380708333333,0.187970833333
0.181175,0.180504166667
0.12215,0.199466666667
0.043425,0.165529166667
-0.198629166667,0.0830875
-0.210945833333,0.0684833333333
0.01985,0.0926958333333
0.053175,0.1024125
0.117775,0.132975
0.2286,0.210804166667
-0.0567791666667,0.094625
0.0261125,0.067775
0.02175,0.0568791666667
-0.145929166667,0.0606791666667
0.020275,0.0494166666667
0.486479166667,0.168658333333
0.3136375,0.1612
0.0591875,0.0889625
0.0536,0.0538958333333
0.0657666666667,0.0504041666667
-0.00757916666667,0.0524916666667
0.06145,0.09715
0.0561541666667,0.173854166667
-0.0860916666667,0.0913541666667
-0.26695,0.0542625
-0.187008333333,0.0503083333333
0.0202541666667,0.124054166667
-0.00838333333333,0.133629166667
-0.0641625,0.108245833333
-0.03985,0.123516666667
0.0214583333333,0.1251
0.092325,0.1174875
0.138854166667,0.118854166667
0.327554166667,0.173145833333
0.16275,0.158225
0.102104166667,0.110620833333
0.0480583333333,0.0902166666667
0.0412708333333,0.137004166667
-0.0514083333333,0.121745833333
0.0184375,0.1137125
0.0858916666667,0.1413125
-0.164966666667,0.198391666667
-0.0494666666667,0.120025
0.193154166667,0.15965
0.350229166667,0.214404166667
0.133666666667,0.1723125
0.0216166666667,0.137
0.01985,0.122816666667
-0.0155458333333,0.1171
-0.00960416666667,0.117595833333
0.0333083333333,0.107583333333
0.0603708333333,0.149583333333
0.0559125,0.143308333333
-0.0130958333333,0.111666666667
0.125379166667,0.132108333333
0.197833333333,0.1249125
0.193933333333,0.114291666667
0.125516666667,0.0987
0.139325,0.0981833333333
0.0997666666667,0.148475
0.129670833333,0.109133333333
0.0640208333333,0.0757458333333
0.08715,0.0648708333333
0.0353291666667,0.0989875
-0.0760666666667,0.0972708333333
-0.0297125,0.0567125
-0.0228666666667,0.0463416666667
-0.0117458333333,0.0812958333333
-0.0235791666667,0.0605333333333
-0.0130333333333,0.0670416666667
0.00334583333333,0.0964916666667
-0.0286166666667,0.1087375
0.00707083333333,0.0805333333333
0.0634333333333,0.0526833333333
-0.00365833333333,0.0824375
0.00594583333333,0.120895833333
-0.0106666666667,0.0614375
-0.1858,0.0447708333333
-0.126933333333,0.063025
-0.0992,0.0737875
-0.082225,0.0697708333333
-0.1382875,0.0590458333333
-0.111683333333,0.0526541666667
-0.0977083333333,0.0567833333333
-0.0942208333333,0.0647541666667
-0.036575,0.0750291666667
-0.01105,0.0683416666667
0.0064625,0.05745
0.0482333333333,0.0657416666667
0.2058375,0.0782995780591
-0.0030625,0.166166666667
-0.0413833333333,0.0885625
0.0817916666667,0.0635666666667
0.0679583333333,0.0958109243697
0.0627708333333,0.083525
0.227308333333,0.0671666666667
0.373775,0.0878291666667
0.175029166667,0.0788666666667
0.108345833333,0.0567583333333
0.0966708333333,0.07345
0.172041666667,0.0704833333333
0.2004125,0.06635
0.064275,0.0587916666667
0.015025,0.0556025104603
0.03565,0.0542583333333
0.0425708333333,0.054825
-0.0079375,0.04545
0.0246458333333,0.0363916666667
0.0714958333333,0.0303666666667
0.147916666667,0.0352677824268
0.143841666667,0.0633458333333
0.141854166667,0.0719708333333
0.0840666666667,0.0707208333333
0.0621041666667,0.0570041841004
-0.0163375,0.0488833333333
-0.00958333333333,0.0352791666667
-0.0719458333333,0.0327791666667
-0.0678333333333,0.0297583333333
-0.0412291666667,0.0274333333333
0.0280291666667,0.0266041666667
0.0455541666667,0.0207666666667
0.0820333333333,0.0163083333333
0.0906208333333,0.0133
0.0775583333333,0.0113375
0.190183333333,0.00914166666667
0.1126125,0.00968333333333
0.021975,0.00809166666667
0.007925,0.00536666666667
0.0808083333333,0.00425833333333
0.13955,0.00389166666667
0.107991666667,0.00422083333333
0.0800958333333,0.00440833333333
0.05685,0.00770833333333
0.149229166667,0.0108875
0.249170833333,0.0122791666667
0.216429166667,0.0178728813559
0.2099625,0.0308541666667
0.3299125,0.03455
0.250945833333,0.060825
0.0875708333333,0.0952291666667
0.1208625,0.131945833333
0.1438,0.135233333333
0.115025,0.100064935065
0.140554166667,0.11811637931
0.194841666667,0.118745833333
0.204725,0.119266666667
0.165616666667,0.090975
0.202945833333,0.07225
0.198858333333,0.0636666666667
0.171941666667,0.0659791666667
0.170404166667,0.0837791666667
0.142316666667,0.0949333333333
0.111270833333,0.115841666667
0.066025,0.115154166667
0.054225,0.0841666666667
0.0890375,0.0945583333333
0.1825125,0.101570833333
0.135766666667,0.0749666666667
0.0901916666667,0.0650920502092
0.0974291666667,0.0694309623431
0.117545833333,0.108325
0.171775,0.10895
0.140154166667,0.114179166667
0.0895916666667,0.0839458333333
0.136375,0.0869416666667
0.0617458333333,0.0814333333333
0.126625,0.0678583333333
0.1692125,0.080825
0.0899125,0.1189625
-0.0412083333333,0.0956416666667
0.0926125,0.074425
0.2124,0.0620333333333
0.3118125,0.0874166666667
0.258045833333,0.0961875
0.0706166666667,0.0868791666667
0.174445833333,0.0850958333333
0.215220833333,0.0884
0.226629166667,0.0803416666667
0.1174375,0.0716833333333
0.0933458333333,0.0644309623431
0.1952125,0.0578708333333
0.108654166667,0.0841791666667
0.0871166666667,0.120916666667
0.185075,0.113816666667
0.0225291666667,0.0918
0.00198333333333,0.105045833333
0.023125,0.148120833333
0.139520833333,0.1563625
0.132991666667,0.0811333333333
0.0621291666667,0.0736583333333
0.04815,0.0708708333333
0.236770833333,0.101275
0.174316666667,0.109020833333
0.0728458333333,0.105541666667
0.1194125,0.111779166667
0.186479166667,0.0982666666667
0.1785625,0.0964686192469
0.167075,0.0765166666667
0.130391666667,0.0865791666667
0.179079166667,0.0745375
0.215570833333,0.0682166666667
0.251891666667,0.0981833333333
0.269070833333,0.1140625
0.262245833333,0.142570833333
0.2772875,0.1336
0.241854166667,0.115875
0.1989,0.0751625
0.166133333333,0.0660416666667
0.17345,0.060275
0.207558333333,0.0582125
0.286825,0.05705
0.252725,0.0860083333333
0.228345833333,0.121916666667
0.449395833333,0.1946375
0.4854125,0.207216666667
0.456958333333,0.189791666667
0.5012375,0.180158333333
0.450108333333,0.1847375
0.256054166667,0.145070833333
0.268208333333,0.1458125
0.32975,0.143229166667
0.289983333333,0.119529166667
0.0949708333333,0.112541666667
0.189716666667,0.0932916666667
0.1005375,0.0616708333333
0.0972875,0.067625
0.111508333333,0.0721541666667
0.284658333333,0.069775
0.0655333333333,0.0553125
-0.0676333333333,0.039
-0.0728958333333,0.073025
-0.105516666667,0.0646916666667
0.0453375,0.0569208333333
0.132825,0.0877791666667
0.118204166667,0.0972333333333
0.121241666667,0.111095833333
-0.0596875,0.210183333333
0.118679166667,0.1830375
0.202904166667,0.127333333333
0.2417,0.109783333333
0.143308333333,0.102291666667
0.117541666667,0.119775
0.0874791666667,0.1415375
-0.0506,0.08005
-0.0655708333333,0.0654083333333
-0.110229166667,0.0879208333333
-0.128566666667,0.0583375
-0.0679541666667,0.0775041666667
0.048575,0.04815
-0.182733333333,0.0687958333333
-0.0857625,0.0807875
0.0840625,0.00509583333333
0.193775,0.00484166666667
0.0937708333333,0.104545833333
-0.0222,0.0878041666667
0.085875,0.1128625
0.0374833333333,0.1315125
0.0203833333333,0.101258333333
0.0108166666667,0.06825
-0.309245833333,0.0422583333333
-0.230504166667,0.041525
-0.0968041666667,0.0776583333333
-0.0514333333333,0.277355648536
-0.387379166667,0.198554166667
-0.1835,0.102483333333
-0.0241875,0.0728833333333
0.073,0.0983291666667
0.146579166667,0.101370833333
0.230091666667,0.107229166667
0.157095833333,0.0966083333333
0.0534416666667,0.0994
0.0786333333333,0.132691666667
0.02795,0.115570833333
-0.0097875,0.0869159663866
0.140045833333,0.155745833333
-0.0112708333333,0.0819083333333
-0.218004166667,0.0648958333333
-0.160025,0.0475
-0.258325,0.0498916666667
0.0893333333333,0.0733556485356
-0.00499166666667,0.261504166667
-0.2153375,0.145791666667
0.00597083333333,0.0991125
0.0365583333333,0.0761166666667
-0.162820833333,0.106779166667
-0.1144625,0.135783333333
-0.0352833333333,0.145391666667
-0.181408333333,0.178195833333
-0.012675,0.1653625
0.0993541666667,0.1163125
-0.004,0.0814041666667
0.0452958333333,0.09265
-0.13315,0.0894166666667
-0.166258333333,0.0913458333333
-0.0482416666667,0.134504166667
-0.0536333333333,0.1677375
0.00535,0.0927
-0.0926291666667,0.0515333333333
0.286641666667,0.107591666667
0.385741666667,0.180298319328
0.137441666667,0.12469874477
-0.0440166666667,0.113869747899
0.110991666667,0.1616375
-0.561416666667,0.0735416666667
-0.480958333333,0.0598828451883
-0.291708333333,0.0659375
-0.0454708333333,0.0851966527197
0.0266083333333,0.180070833333
-0.248204166667,0.242050209205
-0.0381416666667,0.127588235294
0.121741666667,0.139831932773
0.0458958333333,0.189447698745
0.151475,0.112383333333
0.111958333333,0.114682008368
0.0634333333333,0.108966527197
-0.122420833333,0.0998291666667
-0.20665,0.1103125
0.213958333333,0.136508333333
0.314616666667,0.153241666667
-0.0112916666667,0.0813708333333
-0.354345833333,0.0460333333333
-0.396858333333,0.184283333333
-0.32645,0.0937208333333
-0.23365,0.128924686192
-0.160983333333,0.0495666666667
-0.102970833333,0.0563625
-0.1536875,0.0849916666667
-0.0930916666667,0.106670833333
-0.0795875,0.102020833333
-0.0387708333333,0.0902333333333
0.0576666666667,0.104470833333
0.00709583333333,0.112458333333
0.1531125,0.146716666667
0.0259333333333,0.0868083333333
-0.0589208333333,0.0692092050209
-0.183404166667,0.0692708333333
-0.026925,0.0653416666667
-0.0759041666667,0.0478875
-0.0602708333333,0.0425041666667
0.00309583333333,0.0574458333333
0.465425,0.270895833333
-0.207595833333,0.1935625
-0.0678,0.13219665272
-0.104370833333,0.0946333333333
-0.2559375,0.0486916666667
-0.0339416666667,0.108
-0.0528083333333,0.114213389121
-0.193083333333,0.0902375
-0.05215,0.127008333333
-0.128429166667,0.1192375
-0.152075,0.0890916666667
-0.169766666667,0.0566416666667
-0.260775,0.043225
-0.0770833333333,0.0482291666667
0.0152375,0.0564333333333
-0.176545833333,0.0454351464435
-0.0579208333333,0.0610375
-0.0496416666667,0.0681416666667
-0.01195,0.0834916666667
0.000245833333333,0.1021
-0.0325333333333,0.0973208333333
0.0755291666667,0.149241666667
0.138091666667,0.181929166667
0.0322,0.22075
0.0260291666667,0.0999708333333
0.0377541666667,0.0623556485356
0.137516666667,0.0654208333333
0.2277,0.0861213389121
-0.177345833333,0.0636125
-0.174125,0.086575
-0.06795,0.136
-0.0289291666667,0.0760791666667
0.183879166667,0.159466666667
0.162808333333,0.193229166667
0.1305875,0.192016666667
0.0159,0.166675
-0.165258333333,0.0906375
-0.094875,0.1024625
-0.0774291666667,0.086
-0.0314958333333,0.0594833333333
0.0322208333333,0.0781548117155
0.1079125,0.127729166667
0.0331,0.084125
-0.265945833333,0.130754166667
-0.00647083333333,0.140370833333
0.1592,0.252095833333
0.199666666667,0.145233333333
0.1764,0.101916666667
0.162,0.0807416666667
0.0772416666667,0.0932791666667
0.17565,0.1444
0.0800791666667,0.139575
-0.092025,0.0709125
-0.0134916666667,0.100545833333
0.08885,0.204166666667
0.0312666666667,0.129816666667
-0.0561791666667,0.128866108787
-0.1597125,0.132266666667
-0.109045833333,0.128866666667
-0.0422166666667,0.0786333333333
-0.0904166666667,0.116541666667
-0.119116666667,0.210325
-0.0751958333333,0.137775
0.096175,0.168229166667
0.0555333333333,0.171483333333
-0.04175,0.1353875
-0.019775,0.157870833333
-0.000241666666667,0.191091666667
0.0785458333333,0.161916666667
0.0803083333333,0.0932708333333
-0.00319583333333,0.0416041666667
0.244283333333,0.0580625
0.2703375,0.117645833333
0.19735,0.109395833333
0.102141666667,0.0773416666667
0.400141666667,0.164041666667
0.378145833333,0.186166666667
0.0593458333333,0.1905375
0.0494875,0.143904166667
0.090125,0.093925
0.036,0.0716708333333
-0.0068,0.0512666666667
0.0999666666667,0.0445208333333
0.071425,0.051275
0.0877958333333,0.069725
0.120775,0.0879833333333
0.099275,0.0931416666667
-0.00805,0.0820125
0.023375,0.0595458333333
0.174870833333,0.0793833333333
0.147854166667,0.113995833333
0.0900583333333,0.104458333333
0.0955625,0.177841666667
-0.0106208333333,0.204525
-0.00975,0.120408333333
-0.00762083333333,0.0864625
0.0385625,0.0821958333333
0.116554166667,0.076875
0.181641666667,0.0916916666667
0.187370833333,0.0737083333333
0.192866666667,0.0694541666667
0.1404625,0.0994958333333
0.062025,0.0882875
0.0708958333333,0.0839291666667
0.3033125,0.1137125
0.264829166667,0.132008333333
0.119008333333,0.109945833333
0.13795,0.0795291666667
0.0749875,0.1327125
0.0471208333333,0.130791666667
0.0845833333333,0.101116666667
0.184966666667,0.0840916666667
0.215333333333,0.0798666666667
0.103370833333,0.115366666667
0.036525,0.0859375
0.0857791666667,0.0800833333333
0.112316666667,0.0839453781513
0.120870833333,0.0873125
0.2571,0.089875
0.2791625,0.105745833333
0.281233333333,0.109291666667
0.183179166667,0.0910458333333
0.101708333333,0.0655791666667
0.0984833333333,0.0597083333333
0.0880708333333,0.0677625
0.0851958333333,0.0785291666667
0.115291666667,0.0807958333333
0.121333333333,0.0808166666667
0.181254166667,0.0773791666667
0.195429166667,0.08345
0.159479166667,0.0881541666667
0.119308333333,0.109058333333
0.0866041666667,0.113470833333
0.124958333333,0.100824267782
0.187633333333,0.111025
0.104641666667,0.1002625
0.0665958333333,0.106045833333
0.0478083333333,0.115516666667
0.0347,0.114225
0.048525,0.114245833333
0.0691041666667,0.127029166667
0.128445833333,0.16795
-0.0345166666667,0.0957333333333
-0.104775,0.0844
-0.0411416666667,0.106308333333
-0.0230541666667,0.133829166667
0.00483333333333,0.158620833333
0.0696416666667,0.116304166667
0.08155,0.09975
0.0478791666667,0.0771
0.0332583333333,0.0878
0.0262916666667,0.102104166667
0.063575,0.1120375
0.0872208333333,0.1261625
0.0644791666667,0.0988958333333
0.0140541666667,0.0952
0.074725,0.0811083333333
0.231525,0.0738416666667
0.153008333333,0.0637333333333
0.0963208333333,0.0535791666667
0.0922916666667,0.0516708333333
0.152204166667,0.0469958333333
0.172904166667,0.0496
0.126395833333,0.0470208333333
0.145104166667,0.0412166666667
0.179870833333,0.04335
0.103704166667,0.0413166666667
0.0970375,0.0376
0.0549125,0.0404125
0.0321916666667,0.0433583333333
0.1996125,0.0711958333333
0.18565,0.124766666667
0.150404166667,0.1147375
0.171395833333,0.1572125
0.202133333333,0.1812125
0.21835,0.118179166667
0.176904166667,0.0932708333333
0.153025,0.100883333333
0.182129166667,0.1018625
0.19765,0.0938791666667
0.2681875,0.1416375
0.221066666667,0.190966666667
0.166875,0.0926
0.143220833333,0.0832833333333
0.150308333333,0.0757791666667
0.142795833333,0.087825
0.1684375,0.0641291666667
0.18175,0.0862166666667
0.198358333333,0.113379166667
0.206304166667,0.0995208333333
0.267016666667,0.103454166667
0.361333333333,0.132504166667
0.328691666667,0.146120833333
0.235104166667,0.149875
0.194491666667,0.1422625
0.125275,0.2253375
0.0132125,0.275983333333
0.196275,0.145379166667
0.182925,0.103133333333
0.0507791666667,0.123695833333
0.076025,0.127595833333
0.16115,0.107054166667
0.103933333333,0.0939875
0.0986833333333,0.07165
0.107358333333,0.0681875
0.0809666666667,0.0859166666667
0.172108333333,0.0805458333333
0.291279166667,0.145958333333
0.400791666667,0.182533333333
0.359791666667,0.156841666667
0.2236,0.1262
0.204654166667,0.0862875
0.315954166667,0.110783333333
0.2747875,0.0968833333333
0.211579166667,0.0707125
0.2765125,0.0775708333333
0.2911375,0.157775
0.2427875,0.142804166667
0.327683333333,0.124229166667
0.233675,0.167341666667
0.2627375,0.1862375
0.119791666667,0.186891666667
0.0587291666667,0.0935458333333
0.204983333333,0.177029166667
0.3716,0.231145833333
0.300525,0.163525
0.184995833333,0.121191666667
0.1346375,0.104591666667
0.129645833333,0.087275
0.303408333333,0.089375
0.372558333333,0.131416666667
0.491058333333,0.151070833333
0.486879166667,0.144866666667
0.460083333333,0.13775
0.232766666667,0.0793708333333
0.24555,0.125108333333
0.177075,0.15275
0.120529166667,0.129327731092
0.0688083333333,0.0775375
0.0654875,0.0760333333333
0.276254166667,0.122483333333
0.1689,0.144329166667
0.0847458333333,0.16445
0.0790666666667,0.123095833333
0.162645833333,0.176691666667
0.137725,0.2414625
0.169225,0.208479166667
0.0995416666667,0.245333333333
0.141666666667,0.131644351464
0.139258333333,0.0965146443515
0.169841666667,0.11519665272
0.489654166667,0.183120833333
0.478245833333,0.140779166667
0.363716666667,0.0841291666667
0.225279166667,0.0672125
0.106929166667,0.07325
0.0601833333333,0.0422259414226
0.0559583333333,0.0961638655462
0.129591666667,0.0988686440678
0.100304166667,0.060474789916
0.2561125,0.0714092827004
0.603216666667,0.395313559322
0.448104166667,0.168794979079
-0.0343583333333,0.195331932773
-0.0697625,0.07085
0.0682833333333,0.101987124464
0.173404166667,0.0958481012658
0.06905,0.0777805907173
0.00700833333333,0.0525084745763
-0.0215708333333,0.0895189873418
0.1344875,0.0849707112971
0.169004166667,0.107878661088
0.2158125,0.131623376623
0.221445833333,0.101889830508
0.1643125,0.282443037975
0.0897666666667,0.120379166667
0.0886875,0.155953974895
0.153966666667,0.166474789916
-0.187604166667,0.0583983050847
-0.285958333333,4.36681222707e-05
-0.163133333333,0.121690677966
-0.116508333333,0.0
-0.127220833333,0.0768193277311
-0.255495833333,0.0935462184874
0.136983333333,0.238780590717
-0.0104125,0.223605042017
0.275141666667,0.412363247863
0.164541666667,0.0955738396624
0.0395916666667,0.0
0.1413625,0.0388771186441
0.0191541666667,0.129802521008
-0.0272875,0.111379166667
0.263433333333,0.146441666667
0.180191666667,0.144441666667
-0.0679875,0.0768208333333
0.1584375,0.115866666667
0.218541666667,0.144420833333
0.3678125,0.683220833333
0.511670833333,0.768670833333
0.6193125,0.2873625
0.2449625,0.3710625
-0.0372208333333,0.053475
0.0509541666667,0.0711333333333
0.0555708333333,0.0596416666667
0.134304166667,0.0532083333333
0.180845833333,0.0594791666667
0.1846,0.0373916666667
0.102016666667,0.0194791666667
-0.12325,0.0466791666667
-0.04465,0.0414583333333
0.0739333333333,0.0414958333333
0.112379166667,0.0522041666667
0.160129166667,0.0746583333333
0.342108333333,0.194083333333
0.288116666667,0.1665
0.00288333333333,0.153316666667
-0.199125,0.0681958333333
-0.0951125,0.0928916666667
-0.0545166666667,0.106954166667
-0.0268,0.0765708333333
0.0386041666667,0.0730833333333
-0.0434833333333,0.0515416666667
-0.206595833333,0.0620541666667
-0.2718375,0.0719875
0.0288,0.082575
0.0840125,0.222025
-0.379183333333,0.124016666667
-0.299095833333,0.0594125
-0.260808333333,0.0464333333333
-0.255125,0.0473625
-0.465904166667,0.158379166667
-0.3884625,0.05625
-0.288333333333,0.0463041666667
-0.1815875,0.0702416666667
-0.0331166666667,0.116770833333
0.170029166667,0.152508333333
0.0816625,0.1278375
-0.170545833333,0.088425
-0.10965,0.0606541666667
0.0466875,0.18195
-0.060975,0.159808333333
-0.131191666667,0.0706375
0.00207916666667,0.07135
0.0443125,0.0720708333333
0.0149916666667,0.0677791666667
0.1957875,0.188995833333
-0.127529166667,0.151754166667
0.2848375,0.200770833333
0.558220833333,0.208341666667
0.160525,0.0788916666667
0.0610333333333,0.0783666666667
0.0573041666667,0.0788958333333
-0.205083333333,0.0468208333333
-0.103958333333,0.0444041666667
0.0860083333333,0.157245833333
-0.0679541666667,0.1386
-0.161020833333,0.121570833333
-0.0866958333333,0.0829916666667
-0.126525,0.0647208333333
-0.0904208333333,0.0765875
0.106591666667,0.102679166667
0.366375,0.169008333333
0.47825,0.193204166667
0.492170833333,0.20145
0.2719,0.211283333333
-0.00259166666667,0.108641666667
0.0220791666667,0.1332
-0.231641666667,0.0609541666667
-0.211129166667,0.0558458333333
0.00450416666667,0.09125
0.1875625,0.157291666667
-0.1155875,0.0656458333333
-0.4707125,0.0116125
-0.3332375,0.04845
-0.201591666667,0.172058333333
-0.211941666667,0.0927
-0.179233333333,0.071925
-0.101541666667,0.0777791666667
0.0152958333333,0.130445833333
-0.111108333333,0.170879166667
-0.225454166667,0.086525
-0.21995,0.0638708333333
-0.196954166667,0.0959916666667
-0.196320833333,0.0486958333333
-0.107483333333,0.144175
-0.0639166666667,0.1041625
-0.130991666667,0.0805708333333
-0.253620833333,0.0860416666667
-0.1909875,0.0779083333333
-0.0996916666667,0.0576791666667
-0.105554166667,0.0616125
-0.0872791666667,0.0959458333333
-0.240145833333,0.0513416666667
-0.122270833333,0.0591208333333
-0.028175,0.100504166667
-0.101191666667,0.111483333333
0.0524375,0.0572333333333
0.162241666667,0.071
-0.164829166667,0.0413666666667
-0.14455,0.04425
0.103670833333,0.0913416666667
0.1141,0.182820833333
-0.0577416666667,0.067075
-0.276420833333,0.0526666666667
-0.211275,0.0575958333333
-0.112883333333,0.0569833333333
-0.105533333333,0.125425
-0.0448416666667,0.184841666667
0.0543583333333,0.116370833333
0.079975,0.0835291666667
-0.0878458333333,0.0985958333333
0.0214875,0.0878625
0.0289833333333,0.0746125
-0.0891833333333,0.0703583333333
-0.216404166667,0.1314625
-0.145241666667,0.137804166667
-0.227325,0.0752333333333
-0.1626375,0.0573083333333
-0.0793125,0.0770416666667
0.173204166667,0.119320833333
0.170079166667,0.116491666667
0.0860333333333,0.0948791666667
-0.1304,0.0952958333333
-0.2115,0.0577333333333
-0.133966666667,0.0511375
-0.130308333333,0.0540458333333
-0.0685833333333,0.0692
-0.061275,0.0620375
-0.027275,0.0806458333333
-0.0303208333333,0.0761125
0.0620625,0.07245
0.223279166667,0.143429166667
0.104954166667,0.140641666667
0.0694416666667,0.0896833333333
-0.0702,0.0802833333333
-0.0215791666667,0.0600666666667
0.0355208333333,0.0398
0.158191666667,0.0447208333333
0.134279166667,0.0562833333333
0.152670833333,0.0332375
0.140116666667,0.0365875
0.254045833333,0.0402458333333
0.243579166667,0.0526333333333
0.187316666667,0.0512833333333
0.0847125,0.0536041666667
-0.0195875,0.0475166666667
-0.134345833333,0.0379
-0.0465958333333,0.0308666666667
-0.0475791666667,0.0306
-0.035575,0.0361583333333
0.0190375,0.0347916666667
-0.0685083333333,0.0334958333333
-0.0685625,0.0279291666667
-0.00482916666667,0.0408041666667
-0.0930708333333,0.0258083333333
-0.0260916666667,0.01905
-0.0741416666667,0.0177208333333
-0.03865,0.0148791666667
-0.00702916666667,0.0126416666667
0.0845333333333,0.00966666666667
0.07715,0.00888333333333
0.0064125,0.0078875
0.0153208333333,0.00685
0.0116166666667,0.00525416666667
-0.118870833333,0.004425
-0.2553125,0.00365
-0.196379166667,0.0033875
-0.2017375,0.00314583333333
-0.198104166667,0.00295833333333
-0.192879166667,0.002825
-0.112516666667,0.002875
-0.0514041666667,0.0027875
-0.0925416666667,0.002975
0.0771125,0.003125
0.255358333333,0.00302083333333
0.2050625,0.00314583333333
0.183775,0.00327083333333
0.153520833333,0.00329583333333
0.0684833333333,0.00307083333333
0.0164583333333,0.0031875
-0.0260208333333,0.00388333333333
-0.0149458333333,0.00497083333333
0.0374916666667,0.00356666666667
-0.0015,0.00395416666667
0.005975,0.004925
0.0241916666667,0.00634583333333
0.0532625,0.0063875
0.12875,0.00594583333333
0.139795833333,0.00738333333333
0.107475,0.0360208333333
0.130654166667,0.00930416666667
0.118508333333,0.0099625
0.1498,0.00965
0.148058333333,0.0158083333333
0.0641708333333,0.0165541666667
0.0434291666667,0.0150625
0.0784166666667,0.0174166666667
0.0943541666667,0.01495
0.135579166667,0.0148333333333
0.255833333333,0.029575
0.281058333333,0.0497541666667
0.0804958333333,0.135883333333
0.137225,0.108754166667
0.137504166667,0.126170833333
0.173029166667,0.1407875
0.172745833333,0.128833333333
0.196175,0.123466666667
0.112475,0.139720833333
0.098125,0.104279166667
0.115295833333,0.104295833333
0.0724958333333,0.111433333333
0.167325,0.107504166667
0.178816666667,0.0825833333333
0.152658333333,0.0826083333333
0.140541666667,0.0674416666667
0.183366666667,0.0825333333333
0.2630125,0.108866666667
0.2816,0.145041666667
0.3196875,0.152595833333
0.160391666667,0.128145833333
0.129491666667,0.1071
0.1478875,0.0927875
0.161441666667,0.0862166666667
0.233229166667,0.0931291666667
0.202045833333,0.0800083333333
0.1487875,0.0711166666667
0.134845833333,0.0730041666667
0.177720833333,0.0902
0.125354166667,0.1073
0.116329166667,0.090275
0.131708333333,0.0902333333333
0.136666666667,0.0851
0.0772125,0.100025
0.1332125,0.105895833333
0.0873375,0.112775
0.104620833333,0.100508333333
0.0884125,0.106141666667
0.0139333333333,0.15795
0.0625541666667,0.120045833333
0.0922333333333,0.0939791666667
0.208491666667,0.11935
0.293741666667,0.1271125
0.328420833333,0.117570833333
0.293208333333,0.100204166667
0.184604166667,0.1146625
0.235029166667,0.083825
0.176266666667,0.0801541666667
0.0992,0.0771583333333
0.0746458333333,0.0593666666667
0.0451708333333,0.0630625
0.0155666666667,0.0799916666667
0.0533208333333,0.0858541666667
0.0811541666667,0.081675
0.183558333333,0.0880583333333
0.164275,0.0817875
0.1738875,0.0717041666667
0.210570833333,0.0721958333333
0.2120375,0.0908208333333
0.215958333333,0.1014375
0.186233333333,0.0791833333333
0.156391666667,0.0845208333333
0.1438,0.0942
0.1092125,0.099675
0.0806791666667,0.102391666667
0.0274875,0.1030375
0.100558333333,0.0787125
0.187345833333,0.0641791666667
0.1946625,0.0559875
0.289025,0.0757125
0.340783333333,0.139104166667
0.18205,0.105154166667
0.157633333333,0.1037
0.0513333333333,0.0901041666667
0.189591666667,0.0979875
0.22385,0.108720833333
0.315604166667,0.115854166667
0.316941666667,0.112583333333
0.258154166667,0.106916666667
0.0394,0.055925
0.0442791666667,0.0564041666667
0.0779333333333,0.056625
0.1177,0.0562
0.110666666667,0.0574625
0.147254166667,0.0710541666667
0.180895833333,0.0934541666667
0.384891666667,0.1638
0.383641666667,0.1658125
0.289145833333,0.163479166667
0.239441666667,0.160454166667
0.3566,0.191554166667
0.355425,0.204420833333
0.249745833333,0.1950125
0.126929166667,0.196358333333
0.165366666667,0.205983333333
0.207816666667,0.203008333333
0.401475,0.232958333333
0.701983333333,0.0143166666667
0.724125,0.01685
0.676191666667,0.0170375
0.542429166667,0.0176416666667
0.3744625,0.0139
0.308741666667,0.0664375
0.2611875,0.0932916666667
0.1896375,0.1096625
0.218941666667,0.0831125
0.19785,0.0764125
0.1624625,0.0905458333333
0.285029166667,0.12185
0.152395833333,0.096775
0.151658333333,0.0681375
0.054375,0.072125
0.0309958333333,0.04115
0.0643041666667,0.0416583333333
0.0745958333333,0.0533875
-0.227758333333,0.0904166666667
-0.113141666667,0.0647333333333
0.0676708333333,0.0770791666667
0.0851458333333,0.0852541666667
0.210325,0.12305
0.161816666667,0.105075
0.157608333333,0.112120833333
0.218420833333,0.135895833333
0.359058333333,0.2245375
0.116833333333,0.216895833333
-0.0439708333333,0.125495833333
0.0465041666667,0.0844541666667
0.0479666666667,0.0979
0.0621208333333,0.0657166666667
0.079375,0.0590041666667
0.112754166667,0.062575
0.0943833333333,0.0660416666667
0.0935208333333,0.104104166667
0.00804583333333,0.12275
0.0176833333333,0.0537208333333
0.0198208333333,0.0687208333333
0.335366666667,0.182979166667
0.378083333333,0.136358333333
0.4618875,0.129716666667
-0.0168833333333,0.107945833333
-0.225358333333,0.0566041666667
-0.0924416666667,0.0488083333333
-0.0420041666667,0.0565583333333
0.180604166667,0.1059
0.102920833333,0.131404166667
0.171441666667,0.161945833333
0.0942958333333,0.136666666667
0.213066666667,0.112275
0.174058333333,0.1173625
0.0903333333333,0.1266875
-0.0048875,0.0952458333333
-0.0173625,0.0710458333333
0.000341666666667,0.0946291666667
-0.0420791666667,0.173820833333
-0.0477708333333,0.177991666667
0.127591666667,0.1261
0.199658333333,0.159816666667
0.2339,0.202370833333
0.119279166667,0.133204166667
-0.0876416666667,0.07215
-0.183545833333,0.0416083333333
-0.0178875,0.0559833333333
-0.0908,0.0703625
-0.0316708333333,0.106295833333
0.133766666667,0.0852
0.2683125,0.102179166667
0.19675,0.111375
0.161641666667,0.105508333333
0.0714166666667,0.0924333333333
0.0881,0.0901291666667
0.168166666667,0.0962958333333
0.0569625,0.143391666667
0.163891666667,0.0643125
0.345133333333,0.105320833333
0.164375,0.151058333333
-0.1964375,0.0658875
-0.311833333333,0.0393083333333
-0.1579375,0.0892458333333
-0.0371375,0.111554166667
0.1286625,0.1276875
0.0321541666667,0.192875
0.0469875,0.1474875
0.164525,0.1455
0.0743208333333,0.1347625
0.140458333333,0.119666666667
0.370183333333,0.221245833333
0.1836875,0.1534
0.783,0.137
